Govt Loan #,"Notional Gtd
Balance",Invested,Gross Margin,Strip Rate,Multiple,Price,Note Date,Note Maturity Date,Business Name,City,State,Zip,NAICS,Originator
4352899106,306600,28700.83,0.0275,0.0253,3.7,0.09361,44861,54175,Homestead Kitchen LLC,Reidsville,NC,27320,722511,Bank of Oak Ridge
3795209103,174745.68,16357.94,0.0275,0.0253,3.7,0.09361,44669,54166,LFS Management LLC and 7twenty6 Brewing Co,Leland,NC,28451,424810,Citizens Bank
4912019110,286875,26854.37,0.0275,0.0253,3.7,0.09361,45013,54153,Pelican Tempe Holdings LLC,Tempe,AZ,85281,561790,Harvest Small Business Finance LLC
4915979100,375000,24697.5,0.02,0.0178,3.7,0.06586,45016,54148,"Dale's Gas Appliance Repair, Inc.",Winter Park,FL,32792,238220,Berkshire Bank
4929629101,243750,16053.38,0.02,0.0178,3.7,0.06586,45016,54148,"Eastside Services, LLC",Winter Park,FL,32792,236118,Berkshire Bank
4949079110,500250,27393.69,0.0225,0.0148,3.7,0.05476,45013,54148,FUTURE DAYS LLC,Portland,OR,97212,722511,"VelocitySBA, LLC"
4913519109,1191000,21152.16,0.0125,0.0048,3.7,0.01776,45002,54147,DESAI HOTELS LLC,Center,TX,75935,721110,ReadyCap Lending LLC
4942309104,3750000,31912.5,0.01,0.0023,3.7,0.00851,45015,54147,Parth Lodging LLC dba Days Inn Harrisburg North,Harrisburg,PA,17110,721110,Republic Bank
4947809100,3112500,55278,0.0125,0.0048,3.7,0.01776,45015,54147,ISHAKAUR PROPERTIES LLC,Roanoke,VA,24019,721110,G Bank
4950749107,2185050.93,38806.5,0.0125,0.0048,3.7,0.01776,45015,54147,Bennettsville Investment Group LLC,Bennettsville,SC,29512,721110,G Bank
4459609100,1282875,58383.64,0.02,0.0123,3.7,0.04551,45014,54146,Markham Mini Mart Inc,Markham,IL,60428,457110,Merchants Bank of Indiana
4923569106,367875,24228.25,0.02,0.0178,3.7,0.06586,45014,54146,"Locker Room Mondovi, LLC",Mondovi,WI,54755,458110,Citizens Community Federal NA
4939679109,562275,25589.14,0.02,0.0123,3.7,0.04551,45014,54146,"JBGH Properties, LLC and J Bernat Corporation DBA Bernat Landscaping and K M Bernat Construction Inc",Homer Glen,IL,60491,561730,Grasshopper Bank
4459719109,1136625,51727.8,0.02,0.0123,3.7,0.04551,45013,54145,"Palos Gas Mart, Inc.",Palos Hills,IL,60463,457110,Merchants Bank of Indiana
4912419101,471750,21469.34,0.02,0.0123,3.7,0.04551,45013,54145,"ProCare Rentals LLC; ProCare Pest Services LLC; John Carl Ely, III",Marietta,GA,30066,561710,Renasant Bank
4861149102,127500,10755.9,0.025,0.0228,3.7,0.08436,45012,54144,"Atlanta Sports and Injury Center for Rehab, LLC",Riverdale,GA,30274,621340,The First Bank
4903239104,2312250,62453.87,0.015,0.0073,3.7,0.02701,45005,54140,COLUMBIA MOTELS INC,Reynoldsburg,OH,43068,721110,ReadyCap Lending LLC
4812249101,280500,30668.47,FXD,0.02955,3.7,0.109335,45006,54138,Jorge J Nerio Jr dba 5 Star Welding ,Fort Worth ,TX,76104,811310,Dogwood State Bank
4185289102,291750,22021.29,0.0275,0.0204,3.7,0.07548,44764,54133,Murray Hill Gym LLLP,Jacksonville,FL,32205,611620,Harvest Small Business Finance LLC
4099119101,421875,12331.41,0.015,0.0079,3.7,0.02923,44987,54119,1721 s water LLC,Philadelphia,PA,19148,561730,Republic Bank
4795679109,1450500,25760.88,0.0125,0.0048,3.7,0.01776,44980,54111,SB2 Corp,Isleton,CA,95641,445131,G Bank
4535359100,588750,43131.83,0.0275,0.0198,3.7,0.07326,44925,54056,VALERIE MARTINEK,Hartford,TN,53027,722410,Byline Bank
2704979101,367157.54,27713.05,0.0275,0.0204,3.7,0.07548,44551,53956,"Alaska Industrial Paint, LLC",Anchorage,AK,99501,238320,"Newtek Small Business Finance, LLC"
4261149109,123710.38,8147.57,0.02,0.0178,3.7,0.06586,44804,53935,"Southwest MO Investments, LLC",Reeds,MO,64859,445120,Old Missouri Bank
3999889110,690000,66760.95,0.02,0.02615,3.7,0.096755,44748,52418,Texas Grinders Houston II LLC,Jersey Village,TX,77065,722513,Apple Federal Credit Union
4788509106,570375,41024.22,0.015,0.02055,3.5,0.071925,44959,51168,F&S Crows Mills Reality,Keasbey,NJ,8832,484110,Apple Federal Credit Union
4208839105,342256.57,40309.27,0.0275,0.03365,3.5,0.117775,44803,51104,Larry's Home Solution LLC,Kannapolis,NC,28083,238990,Apple Federal Credit Union
4880189109,163500,19004.42,0.03,0.04305,2.7,0.116235,45016,48669,MReynolds LLC dba Rise Wellness Lounge,Colorado Springs,CO,80906,812990,"Newtek Small Business Finance, LLC"
4857279103,262500,30511.69,0.03,0.04305,2.7,0.116235,45015,48668,"F D MILLER FEED & SUPPLY, LLC ",Shipshewana,IN,4656,444240,"Newtek Small Business Finance, LLC"
4887009104,127500,14819.96,0.03,0.04305,2.7,0.116235,45015,48668,123FED LLC dba Shore House Bar & Grill,Long Beach,NY,11561,722511,"Newtek Small Business Finance, LLC"
4889469106,262500,30511.69,0.03,0.04305,2.7,0.116235,45015,48668,"ARCH ANGEL SERVICES, CORP.",Chicago,IL,60606,621330,"Newtek Small Business Finance, LLC"
4890569109,127500,14819.96,0.03,0.04305,2.7,0.116235,45015,48668,Factotum Coffee LLC,Chicago,IL,60639,311920,"Newtek Small Business Finance, LLC"
4892909108,85000,9879.98,0.03,0.04305,2.7,0.116235,45015,48668,Cali Nails,San Antonio,TX,78217,812113,"Newtek Small Business Finance, LLC"
4845689100,127500,14819.96,0.03,0.04305,2.7,0.116235,45014,48667,Precedence Enterprises LLC dba Spartan Junk Removal          ,Laurel,MD, 20707,562111,"Newtek Small Business Finance, LLC"
4880539107,42500,4939.99,0.03,0.04305,2.7,0.116235,45014,48667,White Mountain Agency,Los Angeles,CA,90020,711410,"Newtek Small Business Finance, LLC"
4883689101,375000,43588.13,0.03,0.04305,2.7,0.116235,45014,48667,CITY TO CITY COURIERS B&B EXPRESS,Indian Land,SC,29707,492110,"Newtek Small Business Finance, LLC"
4897639109,127500,14819.96,0.03,0.04305,2.7,0.116235,45014,48667,Blue Point USA LLC,Orlando,FL,32801,425120,"Newtek Small Business Finance, LLC"
4847749109,63750,7409.98,0.03,0.04305,2.7,0.116235,45013,48666,Phuong Thi Diem Tran dba U.S. NAILS                    ,Dunkirk,MD, 20754,812113,"Newtek Small Business Finance, LLC"
4861669105,187500,21794.06,0.03,0.04305,2.7,0.116235,45013,48666,BEACHY BUILDINGS LLC          ,Wichita,KS, 67204,238990,"Newtek Small Business Finance, LLC"
4867119105,150000,17435.25,0.03,0.04305,2.7,0.116235,45013,48666,SHS Construction Services LLC ,Lancaster,SC, 29720,236210,"Newtek Small Business Finance, LLC"
4877499107,172050,19998.23,0.03,0.04305,2.7,0.116235,45013,48666,"Lunar Door , LLC              ",Lampasas,TX, 76550,711510,"Newtek Small Business Finance, LLC"
4880159100,243750,28332.28,0.03,0.04305,2.7,0.116235,45013,48666,DH and AP Enterprises Inc,Bloomington,IN,474088,722513,"Newtek Small Business Finance, LLC"
4859009107,79900,9287.18,0.03,0.04305,2.7,0.116235,45012,48665,Badfish Coffee & Tea          ,Orangevale,CA,95662,722513,"Newtek Small Business Finance, LLC"
4880359101,127500,14819.96,0.03,0.04305,2.7,0.116235,45012,48665,"JEST WARNING LIGHTS, LLC",Bastrop,TX,78602,811111,"Newtek Small Business Finance, LLC"
4885869100,375000,43588.13,0.03,0.04305,2.7,0.116235,45012,48665,KT SUPPLY LLC,Fort Lee,NJ,7024,423990,"Newtek Small Business Finance, LLC"
4889489101,85000,9879.98,0.03,0.04305,2.7,0.116235,45012,48665,"MOORE CHIROPRACTIC CENTER, P.A.",Windham,ME,4062,621310,"Newtek Small Business Finance, LLC"
4899479102,85000,9879.98,0.03,0.04305,2.7,0.116235,45012,48665,Green House Education Inc,Hutto,TX,78634,624410,"Newtek Small Business Finance, LLC"
4762829110,232500,27024.64,0.03,0.04305,2.7,0.116235,45009,48662,Precision Armory Nevada LLC,Las Vegas,NV,89113,459110,"Newtek Small Business Finance, LLC"
4843399103,168750,19614.66,0.03,0.04305,2.7,0.116235,45009,48662,Unique Golf LLC               ,West Islip,NY,11795,459110,"Newtek Small Business Finance, LLC"
4862699105,262500,30511.69,0.03,0.04305,2.7,0.116235,45009,48662,"The Mohr Group, LLC           ",Riverview,FL,33579,541618,"Newtek Small Business Finance, LLC"
4880579108,85000,9879.98,0.03,0.04305,2.7,0.116235,45009,48662,A & J Variety inc,Toms River,NJ,8755,452990,"Newtek Small Business Finance, LLC"
4889499104,127500,14819.96,0.03,0.04305,2.7,0.116235,45009,48662,Elite Search Professionals LLC,Mahopac,NY,10541,561311,"Newtek Small Business Finance, LLC"
4893989101,89250,10373.97,0.03,0.04305,2.7,0.116235,45009,48662,Balanced Health & Fitness LLC dba F45 NW RENO,Reno,NV,89523,713940,"Newtek Small Business Finance, LLC"
4899219105,187500,21794.06,0.03,0.04305,2.7,0.116235,45009,48662,Moondi LLC dba Lazy Daisy Beverly Hills,Beverly Hills,CA,90211,722513,"Newtek Small Business Finance, LLC"
4857469101,121500,14122.55,0.03,0.04305,2.7,0.116235,45008,48661,Dee's Potato Box LLC          ,Fernley,NV,89408,722330,"Newtek Small Business Finance, LLC"
4866319104,89250,10373.97,0.03,0.04305,2.7,0.116235,45008,48661,Carolina Clean Crew NC Inc.   ,Wilmington,NC,28403,561790,"Newtek Small Business Finance, LLC"
4880459107,123250,14325.96,0.03,0.04305,2.7,0.116235,45008,48661,"Dream Builders Child Care, LLC",Hermitage,PA,16148,624410,"Newtek Small Business Finance, LLC"
4902169105,127500,14819.96,0.03,0.04305,2.7,0.116235,45008,48661,EBG Re-Sell LLC,Santa Clarita,CA,91351,453310,"Newtek Small Business Finance, LLC"
4772059108,168750,15058.41,0.02,0.03305,2.7,0.089235,45007,48660,Ram Computer Services L.L.C.,Hammond,LA,70403,541519,First Guaranty Bank TX
4863069106,187500,21794.06,0.03,0.04305,2.7,0.116235,45007,48660,Habacus Construction Inc.     ,Bronx,NY,10472,238120,"Newtek Small Business Finance, LLC"
4883839109,127500,14819.96,0.03,0.04305,2.7,0.116235,45007,48660,Tactical Edge Equine Services LLC,Loxahatchee Groves,FL,33470,115210,"Newtek Small Business Finance, LLC"
4884469107,110500,12843.97,0.03,0.04305,2.7,0.116235,45007,48660,Social Link LLC dba Must See Nashville,Nashville,TN,37203,541810,"Newtek Small Business Finance, LLC"
4889439108,375000,43588.13,0.03,0.04305,2.7,0.116235,45007,48660,J.E.D.I. Groop LLC dba Artisans on Fire,Las Vegas,NV,89120,541613,"Newtek Small Business Finance, LLC"
4897119106,85000,9879.98,0.03,0.04305,2.7,0.116235,45007,48660,Triple B's Inc dba Crews Door Company,Manassas,VA,20110,444190,"Newtek Small Business Finance, LLC"
4916829103,1216500,115123.48,0.0275,0.03505,2.7,0.094635,45007,48660,Excel Online -E Learning Uintah,Lindon,UT,84042,54161,American Momentum Bank
4897369100,85000,9879.98,0.03,0.04305,2.7,0.116235,45006,48659,Destinations CLEs LLC,Anchorage,AK,99502,561599,"Newtek Small Business Finance, LLC"
4913549107,326250,35719.48,0.0275,0.04055,2.7,0.109485,45006,48659,"JLBF, Inc. dba McDonnell Chiropractic",Steubenville,OH,43052,621310,First Commonwealth Bank
4296599104,580499.99,55876.03,0.0275,0.03565,2.7,0.096255,44824,48658,JP Reinicke Inc ,Rapid City ,SD ,57701,722515,Dogwood State Bank
4695629108,262500,30511.69,0.03,0.04305,2.7,0.116235,45005,48658,SELECTIVE AUTOMOTIVE AND ACCESSORIES GROUP INC.,Pelham,AL,35124,441120,"Newtek Small Business Finance, LLC"
4842739107,150000,16422.75,0.0275,0.04055,2.7,0.109485,45001,48658,Croft Avenue,Cerritos ,CA ,90703,722513,"AmPac Tri-State CDC, Inc. "
4851439102,76500,8891.98,0.03,0.04305,2.7,0.116235,45005,48658,STONE BY RIC LLC              ,Norwalk,CT,6854,238140,"Newtek Small Business Finance, LLC"
4880979110,202500,23537.59,0.03,0.04305,2.7,0.116235,45005,48658,G 116 INC dba Omi's Bar & Grill,Temple Terrace,FL,33637,722511,"Newtek Small Business Finance, LLC"
4882459100,45050,5236.39,0.03,0.04305,2.7,0.116235,45005,48658,VETERANS ELITE SERVICES LLC,Saint Augustine,FL,32092,561720,"Newtek Small Business Finance, LLC"
4896599108,127500,14819.96,0.03,0.04305,2.7,0.116235,45005,48658,WarPaint International LLC,Delano,MN,55328,711510,"Newtek Small Business Finance, LLC"
4910739110,222375,24346.73,0.0275,0.04055,2.7,0.109485,45005,48658,Rivera Care Inc.,Saint Ann,MO,63074,624410,Midwest BankCentre
4834959103,51000,5927.99,0.03,0.04305,2.7,0.116235,45002,48655,"Little Sunshine Academy, LLC  ",Hammonton,NJ,8037,624410,"Newtek Small Business Finance, LLC"
4862239107,51000,5927.99,0.03,0.04305,2.7,0.116235,45002,48655,MCONSULT LLC dba mConsult Tax Relief LLC,Alexandria,VA,22302,541213,"Newtek Small Business Finance, LLC"
4251629107,420000,37592.1,0.025,0.03315,2.7,0.089505,44820,48654,Genco Capital LLC,Media,PA,19063,722511,Wilmington Savings Fund Society FSB
4830799106,59500,6915.98,0.03,0.04305,2.7,0.116235,45001,48654,"Gedeus Transportation, LLC dba Kick Ass Karaoke",Spanish Fork,UT,84660,711510,"Newtek Small Business Finance, LLC"
4855839101,153000,16751.21,0.0275,0.04055,2.7,0.109485,45001,48654,Newman Services Corp,Shawnee,KS,66218,624310,ReadyCap Lending LLC
4875949107,127500,14819.96,0.03,0.04305,2.7,0.116235,45001,48654,"INSIDE & OUT MAINTENANCE, LLC ",Port Saint Lucie,FL,34986,561720,"Newtek Small Business Finance, LLC"
4825989110,249000,28942.52,0.03,0.04305,2.7,0.116235,45000,48653,"SLOAN SCHOOL OF MUSIC, LLC    ",Hagerstown,MD,21740,611610,"Newtek Small Business Finance, LLC"
4846289100,107780,11800.29,0.0275,0.04055,2.7,0.109485,45000,48653,BOSWICK ENTERPRISES LLC,Salt Lake City,UT,84107,541213,ReadyCap Lending LLC
4864589100,190125,20815.84,0.0275,0.04055,2.7,0.109485,45000,48653,O2 TECHNOLOGY INCORPORATED,Beaverton,OR,97008,333310,ReadyCap Lending LLC
4883099101,152625,16710.15,0.0275,0.04055,2.7,0.109485,45000,48653,WHEELER HOMES AND DESIGN LLC,Spanish Fork,UT,84660,541310,ReadyCap Lending LLC
4890989106,45900,5025.36,0.0275,0.04055,2.7,0.109485,45000,48653,EDIT- THE LABEL LLC,Chicago,IL,60609,454110,ReadyCap Lending LLC
4900169101,425325,40250.63,0.0275,0.03505,2.7,0.094635,45000,48653,"Eagle Pawn & Jewelry, LLC; Aaron Farrelly; & Stephen Jensen",Cumming,GA,30040,522299,Renasant Bank
4810509103,249750,27343.88,0.0275,0.04055,2.7,0.109485,44999,48652,"PREMIUM PRODUCE, INC.",Alamo,CA,94507,333241,ReadyCap Lending LLC
4836759106,60945,7083.94,0.03,0.04305,2.7,0.116235,44999,48652,Marble Slab Creamery          ,Aiken,SC,29803,722513,"Newtek Small Business Finance, LLC"
4881149110,190125,20815.84,0.0275,0.04055,2.7,0.109485,44999,48652,M N S GLOBAL INVESTMENTS INC,Plano,TX,75094,541511,ReadyCap Lending LLC
4316039109,85000,9306.23,0.0275,0.04055,2.7,0.109485,44995,48651,Famous Stage Dance Co.,West Hills ,CA,91307,711510,"AmPac Tri-State CDC, Inc. "
4890349102,110670,12116.7,0.0275,0.04055,2.7,0.109485,44998,48651,REISING TIDES HOME IMPROVEMENTS,Saint Petersburg,FL,33709,238320,ReadyCap Lending LLC
4895759106,94350,9056.18,0.0225,0.03555,2.7,0.095985,44998,48651,Variety Row Boutique LLC,Fortville,IN,46040,448120,Community First Bank of Indiana
4205619103,548250,52771.8,0.0275,0.03565,2.7,0.096255,44875,48648,Bottles & Barrels LLC,Omaha,NE,68022,445320,First Business Bank
4814059107,159750,18568.54,0.03,0.04305,2.7,0.116235,44995,48648,TRAILWOOD INDUSTRIES LLC dba BROWN HOUSE CAFE              ,Woodway,TX,76712,722511,"Newtek Small Business Finance, LLC"
4879759106,85000,9879.98,0.03,0.04305,2.7,0.116235,44995,48648,HUDSON PEAKS CONSULTING LLC   ,Elmhurst,NY,11373,541330,"Newtek Small Business Finance, LLC"
4758699105,127500,14819.96,0.03,0.04305,2.7,0.116235,44994,48647,K&A Smiles LLC dba Home Smiles Orlando,Maitland,FL,32751,561790,"Newtek Small Business Finance, LLC"
4829699103,165000,19178.78,0.03,0.04305,2.7,0.116235,44994,48647,Simply Barbecue LLC           ,Supply,NC,28462,722511,"Newtek Small Business Finance, LLC"
4847019102,372856.16,40822.16,0.0275,0.04055,2.7,0.109485,44994,48647,Under Pressure Premier Pressure Washing,Lafayette,LA,10508,561730,b1Bank
4862479109,262500,28739.81,0.0275,0.04055,2.7,0.109485,44994,48647,"ACCIDENT 911 HELP, CORP.",Doral,FL,33172,524114,ReadyCap Lending LLC
4876449101,262500,28739.81,0.0275,0.04055,2.7,0.109485,44994,48647,Elliot V. Matloff,Beverly Hills,CA,90210,524210,ReadyCap Lending LLC
4818349108,55250,6421.98,0.03,0.04305,2.7,0.116235,44993,48646,Kristin Nicole Bennett dba Fascination Herpetoculture & Imports,Thicket,TX,77374,112990,"Newtek Small Business Finance, LLC"
4823169107,127500,14819.96,0.03,0.04305,2.7,0.116235,44993,48646,"Z & G PHARMACY, LLC dba ELITE CARE PHARMACY           ",Melbourne,FL,32935,456110,"Newtek Small Business Finance, LLC"
4851479103,102000,11855.97,0.03,0.04305,2.7,0.116235,44993,48646,Kratzer LLC dba Guide Roasting Company,Midlothian,VA,23112,311920,"Newtek Small Business Finance, LLC"
4840479108,51000,5927.99,0.03,0.04305,2.7,0.116235,44991,48644,T & J Flooring LLC            ,Dearborn Heights,MI,48127,238330,"Newtek Small Business Finance, LLC"
4666549109,194625,22622.24,0.03,0.04305,2.7,0.116235,44988,48641,"Big River Timber Company, LLC ",House Springs,MO,63051,113310,"Newtek Small Business Finance, LLC"
4783849104,71400,8299.18,0.03,0.04305,2.7,0.116235,44988,48641,Blossom and Bone LLC          ,Durham,NC,27701,459310,"Newtek Small Business Finance, LLC"
4851509110,127500,14819.96,0.03,0.04305,2.7,0.116235,44988,48641,"Medic-Air, LLC dba Acute Air Care ",Santa Ana,CA,92704,423450,"Newtek Small Business Finance, LLC"
4854939105,76500,8891.98,0.03,0.04305,2.7,0.116235,44988,48641,"LAANY, CORP.                  ",Homestead,FL,33030,449210,"Newtek Small Business Finance, LLC"
4856849106,120000,13138.2,0.0275,0.04055,2.7,0.109485,44988,48641,Parish Grill,Metairie,LA,70006,722511,b1Bank
4126499106,300000,24826.5,0.0225,0.03065,2.7,0.082755,44806,48640,CCM Group LLC,Charlotte,NC,28273,722513,ConnectOne Bank
4784219105,262500,30511.69,0.03,0.04305,2.7,0.116235,44987,48640,PETLOVERS LLC                 ,Tampa,FL,33647,454110,"Newtek Small Business Finance, LLC"
4823179110,262500,30511.69,0.03,0.04305,2.7,0.116235,44987,48640,Gutter Guards America LLC,Dublin,OH,43017,238170,"Newtek Small Business Finance, LLC"
4836729108,262500,30511.69,0.03,0.04305,2.7,0.116235,44987,48640,"Pro Serve Enterprise, Inc.    ",Austin,TX,78745,424690,"Newtek Small Business Finance, LLC"
4849569107,459000,43437.47,0.0275,0.03505,2.7,0.094635,44987,48640,South Bay Cookies LLC,Dorchester,MA,2125,445291,Northern Bank
4857339108,110500,12843.97,0.03,0.04305,2.7,0.116235,44987,48640,"Wrenching Whalls, LLC dba AAMCO  Transmissions          ",Columbia,SC,29210,811114,"Newtek Small Business Finance, LLC"
4783249101,102000,11167.47,0.0275,0.04055,2.7,0.109485,44986,48639,A.C.C.E.P.T ,Hesperia ,CA ,92345,621330,"AmPac Tri-State CDC, Inc. "
4791349107,51000,5927.99,0.03,0.04305,2.7,0.116235,44986,48639,DESIGN DUBB LLC dba ONNI CREATIVE                 ,Beverly Hills,CA,90210,541810,"Newtek Small Business Finance, LLC"
4835949102,442500,41875.99,0.0275,0.03505,2.7,0.094635,44986,48639,"JUNZE GAO INSURANCE, INC.",Huntington Beach,CA,92647,524210,Byline Bank
4164789100,330000,27309.15,0.0225,0.03065,2.7,0.082755,44803,48638,"Datalytic Investments, LLC",Jacksonville,FL,32224,8111210,ConnectOne Bank
4696789101,127500,14819.96,0.03,0.04305,2.7,0.116235,44985,48638,BMK SUSHI LLC dba Sushi HI,Austin,TX,78758,722511,"Newtek Small Business Finance, LLC"
4714079105,176250,20486.42,0.03,0.04305,2.7,0.116235,44985,48638,"Earthology, LLC",West Palm Beach,FL,33401,541620,Fountainhead SBF LLC
4746409102,50320,5848.95,0.03,0.04305,2.7,0.116235,44985,48638,Welcome to Harlem             ,New York,NY,10027,561520,"Newtek Small Business Finance, LLC"
4775289102,370875,43108.66,0.03,0.04305,2.7,0.116235,44985,48638,"Caring Heart Companions, Inc.; Kari S. Bickel; Rosco D. Bickel III",Fisher,PA,16225,624120,Fountainhead SBF LLC
4802939103,150000,17435.25,0.03,0.04305,2.7,0.116235,44985,48638,Doubletake Promotional Marketing Inc,Evanston,IL,60203,541890,"Newtek Small Business Finance, LLC"
4818229107,224049.5,26042.39,0.03,0.04305,2.7,0.116235,44985,48638,Todd Click dba TOTAL SECURITY SYSTEMS,Joshua,TX,76058,561621,"Newtek Small Business Finance, LLC"
4868029104,1524750,134002.65,0.025,0.03255,2.7,0.087885,44984,48638,GOVERNMENT SOLUTIONS TEAM LLC,Lebanon,TN,37087,812990,ReadyCap Lending LLC
4868869109,306000,33502.41,0.0275,0.04055,2.7,0.109485,44985,48638,City Storage River Street,Savannah,GA,31401,531130,Craft Bank
4877139104,228750,25044.69,0.0275,0.04055,2.7,0.109485,44985,48638,OurHouseKC LLC,Kansas City,MO,64127,722511,Small Business Bank
4752659103,186598.54,21689.28,0.03,0.04305,2.7,0.116235,44984,48637,"Newburn Law, P.C.             ",Denver,CO,80202,541110,"Newtek Small Business Finance, LLC"
4783799102,72250,8397.98,0.03,0.04305,2.7,0.116235,44984,48637,Havana Car Wash               ,Aurora,CO,80010,811192,"Newtek Small Business Finance, LLC"
4796019101,127500,14819.96,0.03,0.04305,2.7,0.116235,44984,48637,MIOYM EQUITIES INC.           ,Rye Brook,NY,10573,531390,"Newtek Small Business Finance, LLC"
4829949106,89250,10373.97,0.03,0.04305,2.7,0.116235,44984,48637,"BARSE & CO., INC.",Dallas,TX,75247,423940,"Newtek Small Business Finance, LLC"
4848789101,225000,24634.13,0.0275,0.04055,2.7,0.109485,44984,48637,Lyf Industries LLC,Dallas,TX,75243,456191,Grow America Fund
4128039101,150750,15487.3,0.025,0.03805,2.7,0.102735,44797,48634,Union Brothers Meat Market LLC,Peachtree Corners,GA,30092,445210,The Piedmont Bank
4739679104,126887.01,14748.71,0.03,0.04305,2.7,0.116235,44981,48634,The Artran Supply Inc         ,San Antonio,TX,78213,425120,"Newtek Small Business Finance, LLC"
4784349109,162000,18830.07,0.03,0.04305,2.7,0.116235,44981,48634,Amber Dodge dba Timeless Tanning and Boutique ,Canton,CT,6019,812199,"Newtek Small Business Finance, LLC"
4791359110,84591.34,9832.47,0.03,0.04305,2.7,0.116235,44981,48634,Araz Market                   ,Sylmar,CA,91342,445110,"Newtek Small Business Finance, LLC"
4843479103,102000,11855.97,0.03,0.04305,2.7,0.116235,44981,48634,VKDN LLC dba Regen Med of Sherman,Sherman,TX,75092,621340,"Newtek Small Business Finance, LLC"
4850149107,145125,16868.6,0.03,0.04305,2.7,0.116235,44981,48634,Southwest Lift Station Management Services LLC,Phoenix,AZ,85041,541990,"Newtek Small Business Finance, LLC"
4859689101,440352.87,41672.79,0.0275,0.03505,2.7,0.094635,44981,48634,"AndersMor, LLC",Sun Tan Valley,AZ,85143,811490,St Louis Bank
4709829100,63434.66,7373.33,0.03,0.04305,2.7,0.116235,44979,48632,"TouchPoint Counseling PLLC dba Jackie Smith, LICSW PLLC      ",Gig Harbor,WA,98335,621330,"Newtek Small Business Finance, LLC"
4834259105,141602.79,13591.74,0.0225,0.03555,2.7,0.095985,44979,48632,"Screenmobile Inland, Inc.",Chino,CA,91710,238990,Neighborhood National Bank 
4787999100,390000,23745.15,0.015,0.02255,2.7,0.060885,44978,48631,FAME Enterprise LLC,Clark,NJ,7066,445291,Live Oak Bank
4718969109,126887.01,14748.71,0.03,0.04305,2.7,0.116235,44977,48630,Bear Capital LLC dba SECURED DEBT INVESTMENTS,Coral Gables,FL,33134,531312,"Newtek Small Business Finance, LLC"
4703939108,81196.36,9437.86,0.03,0.04305,2.7,0.116235,44973,48626,"PROCESS CONTROL LABORATORY, INC",Burbank,CA,91504,332813,"Newtek Small Business Finance, LLC"
4798509110,174221.89,19074.68,0.0275,0.04055,2.7,0.109485,44971,48624,Bounce House Inflatables of Atlanta LLC,Alpharetta,GA,30004,532289,Craft Bank
4581829100,1057516.02,100078.03,0.0275,0.03505,2.7,0.094635,44960,48613,MILL RIVER LUMBER HOLDINGS LLC,North Clarendon,VT,5759,423310,Byline Bank
4789999104,393706.3,22642.05,0.01375,0.0213,2.7,0.05751,44953,48612,METRO ATLANTA ENTERPRISE INC   DBA HSU'S GOURMET,Atlanta,GA,30303,722511,Bank of Hope
4709129102,195956.78,21454.33,0.0275,0.04055,2.7,0.109485,44957,48610,Panache Plastic Surgery,Newport Beach ,CA,92660,0,"AmPac Tri-State CDC, Inc. "
4712739109,1113632.79,105388.64,0.0275,0.03505,2.7,0.094635,44957,48610,"BESTWAY TRANSFER & STORAGE, INC.",Milwaukee,WI,53215,484121,Byline Bank
4714089108,684871.7,69435.72,0.03,0.03755,2.7,0.101385,44957,48610,Barry Bray Construction Company; William Frank McCurdy,Salem,OR,97302,238110,Fountainhead SBF LLC
4762469109,502188.73,47524.63,0.0275,0.03505,2.7,0.094635,44956,48609,Funky Fork LLC,Dallas,TX,75243,722513,South State Bank
4204479107,88067.65,9047.63,0.025,0.03805,2.7,0.102735,44796,48602,Launch Wellness Center LLC,Germantown,TN,38138,621310,Pinnacle Bank
4651119106,440625,44672.77,0.03,0.03755,2.7,0.101385,44944,48597,Venture Peak Capital dba Glo Tanning,Fort Worth,TX,76116,812199,Grasshopper Bank
4724959102,547640.68,19296.12,0.0075,0.01305,2.7,0.035235,44932,48585,"Blaine Chiropractic Center, P.A.",Blaine,MN,55434,621310,Freedom Bank
4690819107,262500,26967.94,0.025,0.03805,2.7,0.102735,44923,48576,Avalon Global Management,Flushing,NY,11354,425120,Grow America Fund
3919049106,468758.24,45120.32,0.0275,0.03565,2.7,0.096255,44739,48575,FARA BENDER DMD PA            ,0,FL, 3346,621210,"Newtek Small Business Finance, LLC"
4651349105,1106071.9,97207.13,0.025,0.03255,2.7,0.087885,44922,48575,Advanced Community Services,Lehi,UT,84043,531311,Fortis Private Bank
4323999102,1554644.42,105148.38,0.0175,0.02505,2.7,0.067635,44917,48570,MTN Inc,Englewood,CO,80112,238990,Fortis Private Bank
4420349108,358575,39258.58,0.0275,0.04055,2.7,0.109485,44917,48570,Delaney's Diner Groveport LLC,Groveport,OH,43125,722511,The Union Bank Company
4351079105,1378372.13,93226.2,0.0175,0.02505,2.7,0.067635,44902,48555,Assured Delivery Inc.,San Tan Valley,AZ,85140,484110,Falcon National Bank
4591949105,534232.39,32526.74,0.015,0.02255,2.7,0.060885,44900,48553,"Oande, Inc dba Holiday Liquor",Highland Village,TX,75077,445310,Metro City Bank
4574139107,299616.68,18646.64,0.01,0.02305,2.7,0.062235,44896,48549,"Special Tools, Inc.",Saint Francis,MN,55070,333517,Falcon National Bank
4502929109,856744.19,69511.94,0.0225,0.03005,2.7,0.081135,44883,48536,"Early Bird Lewis Center, LLC",Delaware,OH,43015,624410,MVB Bank
4023129108,178816.35,19577.71,0.0275,0.04055,2.7,0.109485,44697,48534,KTAKICKS LLC,Arlington Heights,IL,60005,713940,Cadence Bank
3695749104,282414.26,23371.19,0.0225,0.03065,2.7,0.082755,44693,48530,Fitworx Team Corporation,Lakeland,FL,33813,713940,The First Bank
4386859103,961516.82,90993.14,0.0275,0.03505,2.7,0.094635,44869,48522,SUNNY COAST EXPRESS CORP.,Pompano Beach,FL,33069,492110,Byline Bank
4349929101,991722.15,93851.63,0.0275,0.03505,2.7,0.094635,44865,48518,YDM SOLUTIONS GROUP CORP.,Fredericksburg,VA,22406,492110,Byline Bank
4352109103,383754.93,36316.65,0.0275,0.03505,2.7,0.094635,44865,48518,"DENTON SERENITY NAILS & SPA, INC.",Denton,TX,76201,812113,Byline Bank
4376399103,877500,65272.84,0.02,0.02755,2.7,0.074385,44854,48507,Hippo Properties LLC,King of Prussia,PA,19406,236210,Wilmington Savings Fund Society FSB
1337789106,697461.47,71653.7,0.025,0.03805,2.7,0.102735,44663,48499,Flourish Restaurants LLC dba Foundation Social Eatery,Marietta,GA,30066,722511,North State Bank
3823949100,518858.87,46440.46,0.025,0.03315,2.7,0.089505,44663,48499,Flourish Restaurants LLC dba Foundation Social Eatery,Marietta,GA,30066,722511,North State Bank
4345929104,331214.57,36263.03,0.0275,0.04055,2.7,0.109485,44841,48494,VAG Group dba Budget Blinds,Mequon,WI,53092,541410,Waukesha State Bank
4311069108,76245,7318.38,0.0225,0.03555,2.7,0.095985,44825,48478,Blush Boot Camp Ankeny LLC,Ankeny,IA,50023,713940,Regent Bank
4270879107,492219.86,44056.14,0.025,0.03315,2.7,0.089505,44813,48466,"Oasis Pharmacy Services, LLC",West Columbia ,SC,29169,456110,First Financial Bank
4101709101,185244.4,20281.48,0.0275,0.04055,2.7,0.109485,44720,48465,Layden Holdings LLC,Palmyra,PA,17078,812990,Fulton Bank
4124639107,209498.87,22936.98,0.0275,0.04055,2.7,0.109485,44803,48456,"Natasha Caffe, LLC dba German Knodle",St. Petersburg,FL,33705,722513,Lake Michigan Credit Union
4239699103,659887.27,63517.45,0.0275,0.03565,2.7,0.096255,44802,48455,"LEN SPARK, LLC",Tinley Park,IL,60487,561720,Byline Bank
4255549104,215611.44,19240.09,0.02,0.03305,2.7,0.089235,44802,48455,M&S Management Group LLC,Clinton,MO,64735,713940,Regent Bank
4260709109,1239177.38,83811.76,0.0175,0.02505,2.7,0.067635,44802,48455,AZ PLUMBER GUY LLC,Peoria,AZ,85381,238220,Falcon National Bank
4253309109,336382.86,32378.53,0.0275,0.03565,2.7,0.096255,44799,48452,EBEJOY LLC,Farmers Branch,TX,75234,624410,Byline Bank
4191869106,1707838.83,103981.77,0.015,0.02255,2.7,0.060885,44788,48441,K.B. SERVICE COMPANY,Little Canada,MN,55117,238220,Falcon National Bank
4759789110,127500,16713.34,0.0375,0.04855,2.7,0.131085,44991,47548,Wild Side Market LLC,Stonington,CT,6379,445131,Thread Bank
