Trans,GP#,Status,Inv Status,Pkg ID,GTD Bal,Orig Fee,Note DT,Loan Age,Matures,Orig Mos,Mat Mos,Paid To,Sell Ratio,Sell Value,Borrower,Street Addr,City/State,NAICS,Gross Cpn,NetCpn,Adjust,Pays,Net Cap,Net Flr,Basis,Orig Lender,Cert,,,,,,,,,,,,,,,,,
315553.11,6050028209,Actual,Long Maturity,402,3258532.15,3.405,44064,29,53523,311,282,44916,3.3,366144.965,"Rainflow Investments, Inc.",1950 Cabral Place ,"Manteca, CA 95337",811192,2.75,-2.35,Q,M,,,365/365,,,,,,,,,,,,,,,,,,,
319663.11,4019269101,Actual,Long Maturity,402,1902000,0.305,44707,8,54132,310,302,44900,3.3,19143.63,BBC Investments/Incendiary Brewing Company,5495 Williams Road,"Lewisville, NC 27023",312120,1.5,-0.5,Q,M,,,365/365,,,,,,,,,,,,,,,,,,,
319729.11,2976569100,Actual,Long Maturity,402,858627.6,0.055,44587,12,53950,308,296,44900,3.3,1558.409094,"Hanning & Sacchetto Properties, LLC ",7217 Painter Avenue,"Whittier, CA 90602",541110,1.25,-0.5,Q,M,,,365/365,,,,,,,,,,,,,,,,,,,
319789.11,3718729102,Actual,Long Maturity,402,318670.42,1.79,44652,9,54011,307,298,44902,3.3,18823.86171,121 Healthcare Services LLC,3333 W Commercial Blvd #110B,"Fort Lauderdale, FL 33309",621111,2.75,-0.675,Q,M,,,30/360,,,,,,,,,,,,,,,,,,,
319693.11,4128449106,Actual,Long Maturity,402,253553.36,1.355,44742,7,54011,305,298,44888,3.3,11337.63849,Bronson Heritage Chiropractic LLC,1653 Southease Parkway,"Azle, TX 76020",621310,2,-0.5,Q,M,,,365/365,,,,,,,,,,,,,,,,,,,
319109.11,1442439108,Actual,Long Maturity,402,354113.18,1.655,44449,16,53738,305,289,44896,3.3,19339.89133,"Katharine Bryan, Carl Bryan & Silver Valley Storage LLC",72 N WIndriver Rd,"SIlverton, ID 83867",531130,2.5,-0.3,Q,M,,,365/365,,,,,,,,,,,,,,,,,,,
319028.11,2603799107,Actual,Long Maturity,402,3380969.64,2.405,44537,13,53766,303,290,44907,3.3,268330.6555,IDS Properties Inc. dba Speed E Mart 76,3040 Steilacoom Blvd.,"Steilacoom, WA 98388",447110,1.75,-2.35,Q,M,,,365/365,,,,,,,,,,,,,,,,,,,
316667.11,1683159108,Actual,Long Maturity,402,3683720.23,2.455,44495,15,53707,303,288,44906,3.3,298436.5944,Akhil Hospitality LLC,850 Mistletoe Lane,"Redding, CA 96002",721110,1.25,-2.35,Q,M,,,365/365,,,,,,,,,,,,,,,,,,,
319595.11,4324049101,Actual,Long Maturity,402,432300,0.365,44830,4,54011,302,298,44848,3.3,5207.0535,Kathleen Manning Revocable Living Trust dba Prints Old & Rare,"580 Crespi Drive, Unit M","Pacifica, CA 94044",453998,1.5,-0.5,Q,M,,,365/365,,,,,,,,,,,,,,,,,,,
319661.11,4337379105,Actual,Long Maturity,402,397500,0.365,44833,4,54011,302,298,44862,3.3,4787.8875,Bella Mia Salon and Spa LLC,745 Main St,"Ramona, CA 92065",812112,1.5,-0.5,Q,M,,,365/365,,,,,,,,,,,,,,,,,,,
319659.11,4256059101,Actual,Long Maturity,402,2022314.55,0.305,44798,5,53980,302,297,44900,3.3,20354.59595,The Patch Motel and Izzy's Lounge and Grill,801 State Ave NE,"Warroad, MN 56763",721110,1.5,-0.5,Q,M,,,365/365,,,,,,,,,,,,,,,,,,,
318722.11,1750589109,Actual,Long Maturity,402,3672791.21,2.455,44589,12,53766,302,290,44896,3.3,297551.1799,Nijjar Hospitality LLC dba Super 8 Fernley,1350 West Newlands Drive,"Fernley, NV 89408",721110,1.25,-2.35,Q,M,,,365/365,,,,,,,,,,,,,,,,,,,
316449.11,1738619102,Actual,Long Maturity,402,3689717.04,2.455,44483,15,53676,302,287,44906,3.3,298922.426,AAAH Hospitality LLC,300 Fairgrounds Dr.,"Vallejo, CA 94589",721110,1.25,-2.35,Q,M,,,365/365,,,,,,,,,,,,,,,,,,,
315326.11,1280049105,Actual,Long Maturity,402,3652477.86,2.705,44406,18,53585,302,284,44902,3.3,326038.4362,Paradise Assisted Care Corp.,2177 17th Ave.,"Santa Cruz, CA 95062",623312,1.5,-2.35,Q,M,,,365/365,,,,,,,,,,,,,,,,,,,
319946.11,4355619109,Actual,Long Maturity,402,1458750,0.95,44869,2,54041,301,299,44900,3.3,45731.8125,Red Rock CPA RE Holdings LLC,1290 S State Route 260,"Cottonwood, AZ 86326",541211,1.97,-0.675,Q,M,,,365/365,,,,,,,,,,,,,,,,,,,
319869.11,4334789104,Actual,Long Maturity,402,736500,1.79,44867,2,54041,301,299,44896,3.3,43505.055,Joy Learning Garden Inc.,149-17 Sanford Ave Unit 1A,"Flushing, NY 11355",624410,2.75,-0.675,Q,M,,,30/360,,,,,,,,,,,,,,,,,,,
319859.11,4418009101,Actual,Long Maturity,402,756319.25,0.98,44875,2,54041,301,299,44901,3.3,24459.36455,Harsh & Janki Inc. dba Englewood Food Store,2680 Placida Road ,"Englewood, FL 34224",447110,2,-0.675,Q,M,,,365/365,,,,,,,,,,,,,,,,,,,
319857.11,4400599105,Actual,Long Maturity,402,678750,0.98,44873,2,54041,301,299,44893,3.3,21950.775,Brandon Laundry LLC,3312 Lithia Pinecrest Road,"Valrico, FL 33596",812320,2,-0.675,Q,M,,,365/365,,,,,,,,,,,,,,,,,,,
319854.11,4340429108,Actual,Long Maturity,402,382500,0.73,44879,2,54041,301,299,44893,3.3,9214.425,Mike's Cafeteria LLC dba Mike's Cafeteria,5214 Georgia Highway 85,"Forest Park, GA 30297",722513,1.75,-0.675,Q,M,,,365/365,,,,,,,,,,,,,,,,,,,
319784.11,4301309104,Actual,Long Maturity,402,1283949.4,1.73,44839,3,54011,301,298,44907,3.3,73300.67125,"Odie's House 1, LLC",12505 SE Crest Dr,"Happy Valley, OR 97086",623312,2.75,-0.675,Q,M,,,365/365,,,,,,,,,,,,,,,,,,,
319717.11,4341929107,Actual,Long Maturity,402,1343550,1.555,44855,3,54011,301,298,44890,3.3,68944.26825,Relatively Easy Holdings Inc. dba Kingfisher Bar & Grill,2564 East Grande Road ,"Tucson, AZ 85716",722511,2.75,-0.5,Q,M,,,365/365,,,,,,,,,,,,,,,,,,,
319941.11,4404059104,Actual,Long Maturity,402,1794708.12,0.98,44865,3,54011,301,298,44923,3.3,58040.8606,"Shreeji Hari, LLC",3142 Highland Ave,"Selma, CA 93662",721110,2,-0.675,Q,M,,,365/365,,,,,,,,,,,,,,,,,,,
319802.11,4293009107,Actual,Long Maturity,402,1575000,0.98,44860,3,54011,301,298,44893,3.3,50935.5,NCBC&R Properties LLC & R&D Printing Inc.,4305 McEver Industrial Dr,"Acworth, GA 30101",323111,2,-0.675,Q,M,,,365/365,,,,,,,,,,,,,,,,,,,
319766.11,4366389107,Actual,Long Maturity,402,2760121.47,0.48,44854,3,54011,301,298,44900,3.3,43720.32408,Chrui Hospitality Reedsport LLC,1400 Highway 101,"Reedsport, OR 97467",721110,1.5,-0.675,Q,M,,,365/365,,,,,,,,,,,,,,,,,,,
319891.11,4335499102,Actual,Long Maturity,402,1450500,0.73,44848,3,54011,301,298,44893,3.3,34942.545,Infinite Accents LLC,4084 South 300 West,"Murray, UT 84107",238990,1.75,-0.675,Q,M,,,365/365,,,,,,,,,,,,,,,,,,,
319944.11,4309699110,Actual,Long Maturity,402,1446249.98,0.73,44838,3,54011,301,298,44894,3.3,34840.16202,Shree Hari Krishna Maharaj Inc.,115 Winningham Road,"St. George, SC 29477",721110,1.75,-0.675,Q,M,,,365/365,,,,,,,,,,,,,,,,,,,
319775.11,9631768210,Actual,Long Maturity,402,1796742.92,0.53,44854,3,54011,301,298,44885,3.3,31425.03367,Hopfenspirger Investments LLC & Teocali Cocina Tequileria LLC,5770 Wadsworth Blvd.,"Arvada, CO 80002",722511,1,-0.675,Q,M,,,365/365,,,,,,,,,,,,,,,,,,,
319940.11,4423569110,Actual,Long Maturity,402,535500,1.73,44865,3,54011,301,298,44899,3.3,30571.695,Montelongo Group LLC,1441 & 1445 Austin Hwy,"San Antonio, TX 78209",238160,2.75,-0.675,Q,M,,,365/365,,,,,,,,,,,,,,,,,,,
319748.11,4349739103,Actual,Long Maturity,402,506397.33,1.73,44848,3,54011,301,298,44909,3.3,28910.22357,"Bright Futures Enrichment Center, LLC",184 Council Street,"Mocksville, NC 27028",624410,2.75,-0.675,Q,M,,,365/365,,,,,,,,,,,,,,,,,,,
319678.11,4325179107,Actual,Long Maturity,402,460953.23,1.615,44837,3,54011,301,298,44897,3.3,24566.50239,Milestone Recovery LLC,14001 N 7th St.,"Phoenix, AZ 85022",623220,2.75,-0.5,Q,M,,,365/365,,,,,,,,,,,,,,,,,,,
319654.11,4319229102,Actual,Long Maturity,402,2160000,0.305,44837,3,54011,301,298,44854,3.3,21740.4,Veggie Wholesale,6457 and 6478 Wilcrest Dr.,"Houston, TX 77072",424490,1.5,-0.5,Q,M,,,365/365,,,,,,,,,,,,,,,,,,,
319933.11,4367999104,Actual,Long Maturity,402,379145.07,1.73,44848,3,54011,301,298,44896,3.3,21645.39205,Moore Properties of Columbia LLC & Moore Lovin Childcare Center LLC,8252 Garners Ferry Road,"Columbia, SC 29209",624410,2.75,-0.675,Q,M,,,365/365,,,,,,,,,,,,,,,,,,,
319751.11,4297569108,Actual,Long Maturity,402,622876,1.04,44838,3,54011,301,298,44896,3.3,21377.10432,Hpaula LLC,325 Rose Court SW,"Liburn, GA 30047",484121,2,-0.675,Q,M,,,365/365,,,,,,,,,,,,,,,,,,,
319731.11,4350809108,Actual,Long Maturity,402,751664.12,0.805,44848,3,54011,301,298,44896,3.3,19967.95735,MAZ Logistics LLC,2025 East Grand River Ave.,"Williamston, MI 48895",484110,2,-0.5,Q,M,,,365/365,,,,,,,,,,,,,,,,,,,
319727.11,4293019110,Actual,Long Maturity,402,1083225,0.555,44835,3,54011,301,298,44875,3.3,19839.26588,Mayo Commercial Inc.,19197 Golden Valley Road #214,"Santa Clarita, CA 91387",532310,1.75,-0.5,Q,M,,,365/365,,,,,,,,,,,,,,,,,,,
319674.11,3936019110,Actual,Long Maturity,402,261750,2.28,44852,3,54011,301,298,44895,3.3,19694.07,"Grumpy Gators Bar & Grill, Inc.",4828 S. Suncoast Boulevard,"Homosassa, FL 34446",722410,2.75,-0.675,Q,M,,,30/360,,,,,,,,,,,,,,,,,,,
319783.11,4350399105,Actual,Long Maturity,402,511460.81,0.98,44854,3,54011,301,298,44922,3.3,16540.6426,Whole Rat Enterprises LLC,"1010 Carbon Ct, #E","Erie, CO 80516",441310,2,-0.675,Q,M,,,365/365,,,,,,,,,,,,,,,,,,,
319687.11,4333549100,Actual,Long Maturity,402,300000,1.615,44840,3,54011,301,298,44896,3.3,15988.5,"The Natural Hair Doc, LLC",306 Levering Mill Rd,"Bala Cynwyd, PA 19004",812111,2.75,-0.5,Q,M,,,30/360,,,,,,,,,,,,,,,,,,,
319730.11,4348469103,Actual,Long Maturity,402,870000,0.555,44858,3,54011,301,298,44900,3.3,15934.05,"RMJN Holdings, LLC dba Rainbow Inn",6490 S. US Highway 1,"Port Saint Lucie, FL 34952",721110,1.75,-0.5,Q,M,,,365/365,,,,,,,,,,,,,,,,,,,
319670.11,4331849103,Actual,Long Maturity,402,352094.29,1.365,44840,3,54011,301,298,44899,3.3,15860.08729,Kirk Russell Melenyzer Jr,226 Fallowfield Ave.,"Charleroi, PA 15022",812210,2.5,-0.5,Q,M,,,365/365,,,,,,,,,,,,,,,,,,,
319764.11,4364539100,Actual,Long Maturity,402,1431312.72,0.305,44855,3,54011,301,298,44896,3.3,14406.16253,Khanna Realty 3 LLC & Veds 3 LLC,308 Constitution Dr,"Lafayette, LA 70503",457110,1.5,-0.5,Q,M,,,365/365,,,,,,,,,,,,,,,,,,,
319833.11,4424379103,Actual,Long Maturity,402,1818750,0.23,44862,3,54011,301,298,44899,3.3,13804.3125,Scuttlebugs Boulder LLC,3735 Iris Ave.,"Boulder, CO 80301",624410,1.25,-0.675,Q,M,,,365/365,,,,,,,,,,,,,,,,,,,
319724.11,4367769105,Actual,Long Maturity,402,392251.32,1.055,44853,3,54011,301,298,44914,3.3,13656.22971,Y2 LLC,2660 SE 39th Loop,"Hillsboro, OR 97123",332999,2.25,-0.5,Q,M,,,365/365,,,,,,,,,,,,,,,,,,,
319733.11,4378159105,Actual,Long Maturity,402,787070.48,0.48,44854,3,54011,301,298,44907,3.3,12467.1964,William Bonini and Elizabeth Bonini dba The Continental Inn,519 Mountain View Avenue,"Santa Rosa, CA 95407",721191,1.5,-0.675,Q,M,,,365/365,,,,,,,,,,,,,,,,,,,
319947.11,4352709106,Actual,Long Maturity,402,506250,0.73,44861,3,54011,301,298,44894,3.3,12195.5625,Gopinathjii LLC,304 E White Horse Pike,"Galloway, NJ 08205",721110,1.75,-0.675,Q,M,,,365/365,,,,,,,,,,,,,,,,,,,
319716.11,4345439110,Actual,Long Maturity,402,433036.19,0.805,44852,3,54011,301,298,44907,3.3,11503.60639,"Full Send Realty LLC and Let's Go Automotive Services, LLC",112 South Service Ct,"Myrtle Beach, SC 29588",811111,2,-0.5,Q,M,,,30/360,,,,,,,,,,,,,,,,,,,
319715.11,4283949103,Actual,Long Maturity,402,1047000,0.305,44852,3,54011,301,298,44868,3.3,10538.055,Bjelland Properties LLC / Gresham Heights Learning,,"Gresham, OR 97080",624410,1.5,-0.5,Q,M,,,365/365,,,,,,,,,,,,,,,,,,,
319773.11,9587698204,Actual,Long Maturity,402,318216.47,0.98,44861,3,54011,301,298,44892,3.3,10291.12064,Peterson Property Holdings,1405 Industrial Way,"Caldwell, ID 83605",327991,2,-0.675,Q,M,,,365/365,,,,,,,,,,,,,,,,,,,
319761.11,4330619102,Actual,Long Maturity,402,168685.67,1.28,44861,3,54011,301,298,44896,3.3,7125.282701,KMC Hospitality LLC,333 W Barbour St ,"Eufaula, AL 36027",721191,1.75,-0.675,Q,M,,,30/360,,,,,,,,,,,,,,,,,,,
319657.11,4347579110,Actual,Long Maturity,402,448736.66,0.305,44845,3,54011,301,298,44904,3.3,4516.534483,Good Car Wash Corporation,1200 Business Way,"Lehigh Acres, FL 33936",811192,1.5,-0.5,Q,M,,,365/365,,,,,,,,,,,,,,,,,,,
319698.11,4092749110,Actual,Long Maturity,402,2134203.2,1.305,44811,4,53980,301,297,44909,3.3,91909.46081,Shri Hanuman Krupa Inc,1802 Moen Ave.,"Rockdale, IL 60436",447110,2.5,-0.5,Q,M,,,365/365,,,,,,,,,,,,,,,,,,,
319728.11,4279069107,Actual,Long Maturity,402,1679379.99,0.555,44811,4,53980,301,297,44899,3.3,30757.84452,Encantada Properties LLC,4250 Pell Dr,"Sacramento, CA 95838",811310,1.75,-0.5,Q,M,,,365/365,,,,,,,,,,,,,,,,,,,
319694.11,4127919103,Actual,Long Maturity,402,436135.03,1.615,44812,4,53980,301,297,44887,3.3,23243.81642,"My Sign Station, Inc. ",1500 East Elizabeth Avenue,"Linden, NJ 07036",339950,2.75,-0.5,Q,M,,,365/365,,,,,,,,,,,,,,,,,,,
319467.11,4263439106,Actual,Long Maturity,402,437138.78,1.555,44813,4,53980,301,297,44896,3.3,22431.7765,"Faith Memorial Chapel, LLC",600 9th Ave. N,"Bessemer, AL 35020",812210,2.75,-0.5,Q,M,,,30/360,,,,,,,,,,,,,,,,,,,
319951.11,4315049110,Actual,Long Maturity,402,369000,1.79,44830,4,53980,301,297,44904,3.3,21796.83,ADHD Network LLC & Mias Kitchen & Pizzeria LLC,800 Clinton Street,"Waukesha, WI 53186",722511,2.75,-0.675,Q,M,,,365/365,,,,,,,,,,,,,,,,,,,
319744.11,4214469108,Actual,Long Maturity,402,1168452.28,0.555,44831,4,53980,301,297,44896,3.3,21400.20351,Amlo Hospitality LLC,4331 Old Lincoln Hwy.,"Feasterville-Trevose, PA 19053",721110,1.75,-0.5,Q,M,,,365/365,,,,,,,,,,,,,,,,,,,
319533.11,4229179107,Actual,Long Maturity,402,261983.56,2.28,44820,4,53980,301,297,44896,3.3,19711.64305,Derheim Inc.,331 George Lane,"Harwood, ND 58042",453998,2.75,-0.675,Q,M,,,30/360,,,,,,,,,,,,,,,,,,,
319676.11,4258049102,Actual,Long Maturity,402,508481.59,1.115,44830,4,53980,301,297,44918,3.3,18709.5801,"The Bleu Group LLC and Bleu Island Bar & Exquisite Cuisine, LLC",17611 Sunbury Rd.,"Jamaica, NY 11434",531120,2.25,-0.5,Q,M,,,365/365,,,,,,,,,,,,,,,,,,,
319677.11,4301289100,Actual,Long Maturity,402,483458.93,1.115,44833,4,53980,301,297,44924,3.3,17788.87133,Ambah Inc.dba West Coast Tire Outlet,6267 N Blackstone Ave.,"Fresno, CA 93710",441340,2.25,-0.5,Q,M,,,365/365,,,,,,,,,,,,,,,,,,,
319593.11,4322499103,Actual,Long Maturity,402,225000,2.28,44827,4,53980,301,297,44903,3.3,16929,New Generation Preschool in Montgomery LLC,3455 and 3461 Old Selma Road,"Montgomery, AL 36108",624410,2.75,-0.675,Q,M,,,365/365,,,,,,,,,,,,,,,,,,,
319592.11,4256769102,Actual,Long Maturity,402,193119.07,2.28,44831,4,53980,301,297,44895,3.3,14530.27883,Lex Mar Service Inc.,12268 NW 106TH Ct. ,"Medley, FL 33178",811111,2.75,-0.675,Q,M,,,30/360,,,,,,,,,,,,,,,,,,,
319596.11,4315859106,Actual,Long Maturity,402,191102.45,2.28,44825,4,53980,301,297,44900,3.3,14378.54834,"Mamba Realty, LLC",511 W. Main Street,"Genoa, IL 60135",531210,2.75,-0.675,Q,M,,,365/365,,,,,,,,,,,,,,,,,,,
319594.11,4309759104,Actual,Long Maturity,402,173640.94,2.28,44824,4,53980,301,297,44900,3.3,13064.74433,Lock N Roll Storage Solutions LLC,20918 E. Brink St.,"Harvard, IL  60033",531130,2.75,-0.675,Q,M,,,365/365,,,,,,,,,,,,,,,,,,,
319837.11,4291489107,Actual,Long Maturity,402,523628.7,0.54,44817,4,53980,301,297,44902,3.3,9331.063434,Khangura Investments LLC / West Sacramento Liquor 2 LLC,2328 W Capitol Ave.,"West Sacramento, CA 95691",445320,1.5,-0.675,Q,M,,,365/365,,,,,,,,,,,,,,,,,,,
319609.11,4118989100,Actual,Long Maturity,402,481235.19,0.365,44834,4,53980,301,297,44902,3.3,5796.477864,"Rockin AZ Bar, LLC dba Pardner's Night Club",15615 TX - 29,"Buchanan Dam, TX 78609",722410,1.5,-0.5,Q,M,,,365/365,,,,,,,,,,,,,,,,,,,
319608.11,4220169108,Actual,Long Maturity,402,161666.66,1.03,44832,4,53980,301,297,44891,3.3,5495.049773,Guten Co.LLC,215 Dawson St,"San Antonio, TX 78202",327110,1.5,-0.675,Q,M,,,365/365,,,,,,,,,,,,,,,,,,,
319948.11,4219209110,Actual,Long Maturity,402,1008000,1.73,44784,5,53950,301,296,44903,3.3,57546.72,The Patio at 5th & Ash LLC,416 Ash Street,"Fernandina Beach, FL 32034",722511,2.75,-0.675,Q,M,,,365/365,,,,,,,,,,,,,,,,,,,
319331.11,4157329104,Actual,Long Maturity,402,491403.34,1.615,44789,5,53950,301,296,44894,3.3,26189.34101,Tinki LLC & Wilson Line LLC ,55 Bennington Avenue,"Freeport, NY 11520",811111,2.75,-0.5,Q,M,,,365/365,,,,,,,,,,,,,,,,,,,
319340.11,4173569106,Actual,Long Maturity,402,392092.87,1.615,44798,5,53950,301,296,44888,3.3,20896.58951,Reeder Properties LLC and Reeder Tire  LLC dba Claybrook Tire,101 N Glenn St.,"Stoneville, NC 27048",441320,2.75,-0.5,Q,M,,,365/365,,,,,,,,,,,,,,,,,,,
319756.11,4252809104,Actual,Long Maturity,402,423221,1.04,44796,5,53950,301,296,44911,3.3,14524.94472,US Trading Enterprises LLC,1462 N La Cadena Drive,"Colton, CA 92324",445230,2,-0.675,Q,M,,,365/365,,,,,,,,,,,,,,,,,,,
319838.11,4245759104,Actual,Long Maturity,402,1344401.42,0.23,44791,5,53950,301,296,44902,3.3,10204.00678,Phil Investment Inc dba Motel 6 Holbrook,2514 Navajo Blvd,"Holbrook, AZ 86025",721110,1.25,-0.675,Q,M,,,365/365,,,,,,,,,,,,,,,,,,,
319428.11,4104089100,Actual,Long Maturity,402,535158.16,0.555,44796,5,53950,301,296,44896,3.3,9801.4217,United Square Holdings LLC & United Square Investments LLC dba All Sta,2800 NE 28th Street,"Fort Worth, TX 76111",457110,1.75,-0.5,Q,M,,,365/365,,,,,,,,,,,,,,,,,,,
319839.11,4230339104,Actual,Long Maturity,402,814517.86,0.23,44785,5,53950,301,296,44902,3.3,6182.190557,Terrace Hospitality LLC dba Terrace Park Inn,725 Main St.,"Fort Morgan, CO 80701",721110,1.25,-0.675,Q,M,,,365/365,,,,,,,,,,,,,,,,,,,
319696.11,4203529107,Actual,Long Maturity,402,2188107.22,0.805,44770,6,53919,301,295,44922,3.3,58127.0683,KSP Acquisitions LLC,52 Freeman Road,"Buffalo, NY 14221",721110,2,-0.5,Q,M,,,365/365,,,,,,,,,,,,,,,,,,,
319697.11,4202149109,Actual,Long Maturity,402,1700369.61,0.805,44770,6,53919,301,295,44922,3.3,45170.31869,A&A Hotel LLC,100 Watervliet Avenue,"Albany, NY 12206",721110,2,-0.5,Q,M,,,365/365,,,,,,,,,,,,,,,,,,,
319786.11,4151059105,Actual,Long Maturity,402,614559.78,1.79,44748,6,53919,301,295,44896,3.3,36302.0462,Tyle Services LLC,115 Rainwater Lane,"Pendergrass, GA 30567",812910,2.75,-0.675,Q,M,,,365/365,,,,,,,,,,,,,,,,,,,
319451.11,4181769107,Actual,Long Maturity,402,481901.89,1.615,44768,6,53919,301,295,44900,3.3,25682.96123,Senior Garden Home,3591 Hillview Drive,"Salem, OR 97302",623110,2.75,-0.5,Q,M,,,365/365,,,,,,,,,,,,,,,,,,,
319544.11,4129079104,Actual,Long Maturity,402,245825.72,2.105,44748,6,53919,301,295,44900,3.3,17076.28364,Lokay Lanes LLC / Justin Lokay & John M Lokay Jr. & Saello Properties,6557 Antonio Dr.,"Irwin, PA 15642",713950,2.75,-0.5,Q,M,,,365/365,,,,,,,,,,,,,,,,,,,
319390.11,4103629105,Actual,Long Maturity,402,189838.86,2.105,44754,6,53919,301,295,44895,3.3,13187.15641,Leap4ward LLC,507 Denali Pass Rd Unit 503,"Cedar Park, TX 78613",611691,2.75,-0.5,Q,M,,,365/365,,,,,,,,,,,,,,,,,,,
319759.11,4092549109,Actual,Long Maturity,402,381844.8,1.04,44733,7,53888,301,294,44899,3.3,13104.91354,Ammys 2000 LLC and Luckys Drive Through Ashley LLC / Gurtej Singh,229 Gingerfield Way,"Sunbury, OH 43074",445320,2,-0.675,Q,M,,,365/365,,,,,,,,,,,,,,,,,,,
319580.11,4128259108,Actual,Long Maturity,402,301778.26,0.805,44735,7,53888,301,294,44895,3.3,8016.739477,Five Star Holdings Inc ,444 Clearfield Avenue,"Chesapeake, VA 23320",531190,2,-0.5,Q,M,,,365/365,,,,,,,,,,,,,,,,,,,
319579.11,4128359103,Actual,Long Maturity,402,248128.79,0.805,44735,7,53888,301,294,44896,3.3,6591.541306,Five Star LLC,444 Clearfield Avenue,"Chesapeake, VA 23320",531190,2,-0.5,Q,M,,,365/365,,,,,,,,,,,,,,,,,,,
319979.11,3261339102,Actual,Long Maturity,402,483750,1.04,44691,8,53858,301,293,44905,3.3,16602.3,Randazzo Estates LLC,42 River Street,"Oneconta, NY 13820",541513,2,-0.675,Q,M,,,365/365,,,,,,,,,,,,,,,,,,,
319962.11,1106989110,Actual,Long Maturity,402,1603800,1.03,44677,9,53827,301,292,44900,3.3,54513.162,"Jonah's Movers, LLC",1714 Boudreaux Rd Ste 216,"Tomball, TX  77375",484210,1.5,-0.675,Q,M,,,365/365,,,,,,,,,,,,,,,,,,,
319581.11,3531479110,Actual,Long Maturity,402,378218.21,0.865,44650,10,53797,301,291,44895,3.3,10796.2388,Bracken Leigh LLC,1 N Market Street,"Elizabethtown, PA 17022",722513,2,-0.5,Q,M,,,365/365,,,,,,,,,,,,,,,,,,,
319436.11,3356549109,Actual,Long Maturity,402,627555.3,0.865,44620,11,53766,301,290,44924,3.3,17913.56604,Rali Automotive LLC,4435 State Bridge,"Alpharetta, GA 30005",811111,2,-0.5,Q,M,,,30/360,,,,,,,,,,,,,,,,,,,
316860.11,1763989110,Actual,Long Maturity,402,3353170.95,2.705,44540,13,53707,301,288,44907,3.3,299320.8049,"HH&S Hospitality, LLC DBA Candlewood Suites",10025 S. Main Street,"Houston, TX 77025",721110,1.5,-2.35,Q,M,,,365/365,,,,,,,,,,,,,,,,,,,
317576.11,1793769104,Actual,Long Maturity,402,1053483.52,1.605,44558,13,53707,301,288,44923,3.3,55797.75464,"SCLR CARE, LLC",206 South Gum Street,"Pageland, SC 29728",623312,2.25,-0.5,Q,M,,,365/365,,,,,,,,,,,,,,,,,,,
317784.11,2561149101,Actual,Long Maturity,402,477405.8,1.54,44559,13,53707,301,288,44895,3.3,24261.76276,Champion Volleyball Club of Houston LLC,19418 Pinehurst Trail Drive,"Humble, TX 77346",713940,2.75,-0.425,Q,M,,,30/360,,,,,,,,,,,,,,,,,,,
319221.11,2711339106,Actual,Long Maturity,402,866279.33,0.805,44544,13,53707,301,288,44900,3.3,23012.7104,JSG Holdings LLC dba The James Workshop,2335 Long Beach Blvd.,"Long Beach, CA 90806",541890,2,-0.5,Q,M,,,365/365,,,,,,,,,,,,,,,,,,,
316691.11,1705529103,Actual,Long Maturity,402,3666895.27,2.705,44529,14,53676,301,287,44923,3.3,327325.4063,C and C Prince Holding LLC & Chen Chen and Associates PLLC,"37-20 Prince St. Unit# 3F, 3G, 3H, 3I","Flushing, NY 11354",541110,1.5,-2.35,Q,M,,,30/360,,,,,,,,,,,,,,,,,,,
319688.11,2461779105,Actual,Long Maturity,402,747989.81,1.115,44529,14,53676,301,287,44900,3.3,27522.28506,"The Block NE, LLC",121 Old Line Dr,"Elkton, MD 21921",811111,2.25,-0.5,Q,M,,,365/365,,,,,,,,,,,,,,,,,,,
317003.11,1744719104,Actual,Long Maturity,402,474230.05,1.605,44529,14,53676,301,287,44896,3.3,25117.5946,"LAU KH, LLC",903 Knight Ave. ,"Waycross, GA 31501",722511,2.25,-0.5,Q,M,,,365/365,,,,,,,,,,,,,,,,,,,
319384.11,2249659107,Actual,Long Maturity,402,147902.49,2.095,44517,14,53676,301,287,44900,3.3,10225.23865,Jensen Real Estate LLC.,802 West 6th Avenue,"Emporia, KS 66801",524210,2.74,-0.5,Q,M,,,365/365,,,,,,,,,,,,,,,,,,,
319171.11,1392449101,Actual,Long Maturity,402,643666.03,0.355,44508,14,53676,301,287,44909,3.3,7540.547541,7409 13th Ave Realty LLC,7409 13th Ave,"Brooklyn, NY 11228",722511,1,-0.5,Q,M,,,30/360,,,,,,,,,,,,,,,,,,,
316519.11,1452139105,Actual,Long Maturity,402,3626526.37,2.955,44488,15,53646,301,286,44909,3.3,353640.719,SSH of NC LLC dba Sleep Inn,5208 Page Rd,"Durham, NC 27703",721110,1.75,-2.35,Q,M,,,365/365,,,,,,,,,,,,,,,,,,,
316004.11,1684109106,Actual,Long Maturity,402,3432289.46,2.705,44476,15,53646,301,286,44896,3.3,306383.3186,Bay Lodging Inc.,1600 Lawrence Dr.,"De Pere, WI 54115",721110,1.5,-2.35,Q,M,,,30/360,,,,,,,,,,,,,,,,,,,
318700.11,1664199103,Actual,Long Maturity,402,816068.78,2.705,44487,15,53646,301,286,44896,3.3,72846.37965,Kbinakay LLC Famous Food Store,42601 Hemphill Street,"Ft Worth, TX 76110",447110,1.5,-2.35,Q,M,,,365/365,,,,,,,,,,,,,,,,,,,
316144.11,1532859109,Actual,Long Maturity,402,4403025.24,2.705,44460,16,53615,301,285,44900,3.3,393036.048,"Coastal Counting & Industrial Scale Company, Inc.",270 Quail Ct,"Santa Paula, CA 93060",333997,1.5,-2.35,Q,M,,,365/365,,,,,,,,,,,,,,,,,,,
315798.11,1489599107,Actual,Long Maturity,402,3227121.69,2.955,44441,16,53615,301,285,44906,3.3,314692.7716,Ikigai Properties LLC,34602 & 34606 State Highway 16,"Woodland, CA 95695",623312,1.75,-2.35,Q,M,,,365/365,,,,,,,,,,,,,,,,,,,
315639.11,1357179108,Actual,Long Maturity,402,2905725.36,2.955,44448,16,53615,301,285,44898,3.3,283351.8085,Best Western Oswego Hotel,2055 Wiesbrook Drive,"Oswego, IL 60543",721110,1.75,-2.35,Q,M,,,365/365,,,,,,,,,,,,,,,,,,,
319398.11,1496829102,Actual,Long Maturity,402,1452838.81,2.705,44449,16,53615,301,285,44895,3.3,129687.6564,Confidence Containers LLC,2040 Brevard Road,"High Point, NC 27263",339999,1.5,-2.35,Q,M,,,30/360,,,,,,,,,,,,,,,,,,,
319137.11,1231689102,Actual,Long Maturity,402,971653.28,2.955,44440,16,53615,301,285,44896,3.3,94750.7696,ITB Industries LLC,4637 Nagle Ave,"Sherman Oaks, CA 91423",623110,1.75,-2.35,Q,M,,,365/365,,,,,,,,,,,,,,,,,,,
319156.11,1572009106,Actual,Long Maturity,402,1040597.21,2.205,44452,16,53615,301,285,44907,3.3,75719.05599,Kende LLC and Augusta Academy LLC,425 N. Whisman Road,"Mountain View, CA 94043",624410,1,-2.35,Q,M,,,365/365,,,,,,,,,,,,,,,,,,,
319135.11,1459219108,Actual,Long Maturity,402,1579758.88,1.405,44440,16,53615,301,285,44900,3.3,73245.52047,Thanh Quoc Tran dba Pho Daily,5321 Long Beach Blvd,"Long Beach, CA 90805",722511,2.25,-0.3,Q,M,,,365/365,,,,,,,,,,,,,,,,,,,
316076.11,1719309108,Actual,Long Maturity,402,927195.72,1.905,44469,16,53615,301,285,44923,3.3,58288.15894,"Plaza Residential Assisted Living, LLC",8501 E. Plaza Ave.,"Scottsdale, AZ 85250",623311,2.75,-0.3,Q,M,,,365/365,,,,,,,,,,,,,,,,,,,
319174.11,1340269104,Actual,Long Maturity,402,858784.82,1.955,44449,16,53615,301,285,44905,3.3,55404.50266,RH2 Capital LLC,"330 Fifth Avenue, 3rd Floor","Sherman, TX 75092",531130,0.75,-2.35,Q,M,,,30/360,,,,,,,,,,,,,,,,,,,
316448.11,1472729102,Actual,Long Maturity,402,2390121.74,0.655,44456,16,53615,301,285,44913,3.3,51662.48141,Shree Saraswati LLC dba Days Inn,4180 Old Gentilly Road,"New Orleans, LA 70126",721110,1.5,-0.3,Q,M,,,365/365,,,,,,,,,,,,,,,,,,,
319136.11,1231779105,Actual,Long Maturity,402,505105.01,2.955,44440,16,53615,301,285,44896,3.3,49255.31505,COG Properties LLC,17404 Horace St,"Granada Hills, CA 91344",623990,1.75,-2.35,Q,M,,,365/365,,,,,,,,,,,,,,,,,,,
315981.11,1690869107,Actual,Long Maturity,402,1045352.32,1.405,44467,16,53615,301,285,44896,3.3,48467.76032,Avendale Assisted Living DFW LLC,5148 Paradise Dr,"Corte Madera, CA 94925",623312,2.25,-0.3,Q,M,,,365/365,,,,,,,,,,,,,,,,,,,
318168.11,1628579102,Actual,Long Maturity,402,165089.04,1.28,44469,16,53615,301,285,44890,3.3,6973.36105,"White River Outpost, LLC",5325 Hwy 165,"Branson, MO 65616",713900,2,-0.425,Q,M,,,365/365,,,,,,,,,,,,,,,,,,,
319173.11,1587969104,Actual,Long Maturity,402,216395.7,0.28,44462,16,53615,301,285,44917,3.3,1999.496268,Jennifer Shinhae Paek,2119 N 63rd St.,"Philadelphia, PA 19151",722511,0.75,-0.675,Q,M,,,30/360,,,,,,,,,,,,,,,,,,,
315420.11,1317939106,Actual,Long Maturity,402,3658070.28,2.705,44427,17,53585,301,284,44906,3.3,326537.6435,PSM Montgomery LLC , 5225 Carmichael Rd.,"Montgomery, AL 36106 ",721110,1.5,-2.35,Q,M,,,365/365,,,,,,,,,,,,,,,,,,,
318555.11,1255419107,Actual,Long Maturity,402,336471.41,0.28,44412,17,53585,301,284,44901,3.3,3108.995828,"AAMP, LLC and Spectrum Social and Recreational Services, LLC","965 S. Kipling Parkway, Unit B","Denver, CO 80226",624310,1,-0.425,Q,M,,,365/365,,,,,,,,,,,,,,,,,,,
319175.11,1328319103,Actual,Long Maturity,402,516407.27,0.155,44438,17,53585,301,284,44925,3.3,2641.423186,Elizabeth Wang Acupuncture P.C.,75 - 80 184th Street,"Fresh Meadows, NY 11366",621399,1,-0.3,Q,M,,,30/360,,,,,,,,,,,,,,,,,,,
314996.11,1022859109,Actual,Long Maturity,402,3150019.61,2.575,44389,18,53554,301,283,44896,3.3,267672.9164,Campbell Station Lodging LLC,3934 Shipwatch Lane,"Knoxville, TN 37920",721110,1.37,-2.35,Q,M,,,365/365,,,,,,,,,,,,,,,,,,,
319365.11,1299869104,Actual,Long Maturity,402,1457584.15,2.955,44400,18,53554,301,283,44900,3.3,142136.3184,"Zeal Hospitality, LLC",437 Chetco Avenue,"Brookings, OR 97415",721110,1.75,-2.35,Q,M,,,365/365,,,,,,,,,,,,,,,,,,,
319370.11,1306379109,Actual,Long Maturity,402,1559536.98,2.705,44403,18,53554,301,283,44925,3.3,139212.0685,"Next Step, Inc.",2601 Porter Street,"Soquel, CA 95073",624120,1.5,-2.35,Q,M,,,365/365,,,,,,,,,,,,,,,,,,,
316471.11,1226259108,Actual,Long Maturity,402,416719.82,3.955,44398,18,53554,301,283,44889,3.3,54388.18731,Y2 LLC              ,"2660 SE 39th Loop, Ste A","Hillsboro, OR 97123",332999,2.75,-2.35,Q,M,,,365/365,,,,,,,,,,,,,,,,,,,
316782.11,1119329110,Actual,Long Maturity,402,1880914.58,0.855,44379,18,53554,301,283,44896,3.3,53070.00487,230 Adams Avenue LLC ,230 - 234 Adams Avenue,"Huntington Beach, CA 92648",445310,1,-1,Q,M,,,365/365,,,,,,,,,,,,,,,,,,,
319134.11,9943069000,Actual,Long Maturity,402,653539.91,1.28,44391,18,53554,301,283,44896,3.3,27605.5258,Nano Living Trust and Ben Congregate Living Inc.,8118 Calhoun Ave,"Panorama City, CA 91402",623110,1.75,-0.675,Q,M,,,365/365,,,,,,,,,,,,,,,,,,,
318472.11,9970929004,Actual,Long Maturity,402,280893.04,2.03,44378,18,53554,301,283,44896,3.3,18817.02475,Alys Medical LLC,1724  Valencia Ave,"Ormond Beach, FL 32174",623312,2.75,-0.425,Q,M,,,365/365,,,,,,,,,,,,,,,,,,,
318471.11,9969359002,Actual,Long Maturity,402,194634.81,2.03,44378,18,53554,301,283,44924,3.3,13038.58592,Lays Medical LLC,1725 Palmer Beach Drive,"Ormond Beach, FL 32174",623312,2.75,-0.425,Q,M,,,365/365,,,,,,,,,,,,,,,,,,,
319672.11,3436269108,Actual,Long Maturity,402,153859.14,0.365,44629,10,53615,295,285,44899,3.3,1853.233341,CWH Holdings LLC,3350 Woods Edge Circle Suite 104,"Bonita Springs, FL 34134",541940,1.5,-0.5,Q,M,,,365/365,,,,,,,,,,,,,,,,,,,
319943.11,1341999102,Tentative,Available,940,1420733.7,1.78,44567,12,54011,309,298,44903,3.3,83453.89754,Diamond Peak Gymnastics LLC,1306 E Homedale Rd.,"Caldwell, ID 83607",713990,2.25,1.125,Q,M,,,365/365,,,,,,,,,,,,,,,,,,,
320064.11,2756079104,Tentative,Available,940,1340250,1.73,44588,12,54011,309,298,,3.3,76514.8725,"H & S Ventures, LLC",110 Lake Boone TRL,"Raleigh, NC 27608",811192,2.75,1.075,Q,M,,,365/365,,,,,,,,,,,,,,,,,,,
319942.11,2915679105,Tentative,Available,940,75450.89,1.78,44567,12,54011,309,298,44903,3.3,4431.985279,Diamond Peak Gymnastics LLC,1306 E Homedale Road,"Caldwell, ID 83607",713990,2.25,1.125,Q,M,,,365/365,,,,,,,,,,,,,,,,,,,
320085.11,3441489109,Tentative,Available,940,727578.32,0.79,44630,10,53980,306,297,44918,3.3,18967.9668,2021 ART Real Estate LLC & 2021 ART Operations LLC dba Max Mart,9164 Highway 142,"Maxwell, TX 78656",457110,1.75,0.135,Q,M,,,365/365,,,,,,,,,,,,,,,,,,,
319424.11,1586839109,Tentative,Available,940,114893.67,1.53,44615,11,53950,306,296,44877,3.3,5800.981398,Bryce Law LLC,45 South Avenue SE,"Marietta, GA 30060",541110,2,0.875,Q,M,,,365/365,,,,,,,,,,,,,,,,,,,
320088.11,4353209100,Tentative,Available,940,937500,1.73,44897,1,54163,303,303,44918,3.3,53521.875,"iCare Child Development Center, LLC",7 Anniston Avenue,"Atlanta, GA 30317",624410,2.75,1.075,Q,M,,,365/365,,,,,,,,,,,,,,,,,,,
320009.11,4301069104,Tentative,Available,940,870641.95,0.73,44858,3,54041,301,299,44915,3.3,20973.76458,Elizabeth Asfaw,15617 SE 290th St.,"Kent, WA	98042",623312,1.75,0.075,Q,M,,,30/360,,,,,,,,,,,,,,,,,,,
320013.11,4438699106,Tentative,Available,940,482250,0.73,44865,3,54041,301,299,44914,3.3,11617.4025,Mahaloha Care LLC,8223 Twin Oaks Avenue,"Citrus Heights, CA 95610",623312,1.75,0.075,Q,M,,,365/365,,,,,,,,,,,,,,,,,,,
320089.11,4436639106,Tentative,Available,940,1744200,0.73,44904,1,54072,300,300,44917,3.3,42017.778,Lanahan Patel Lumber Company,2014 E Adams St ,"Jacksonville, FL 32202",444190,1.75,0.075,Q,M,,,30/360,,,,,,,,,,,,,,,,,,,
320079.11,4586719101,Tentative,Available,940,735000,0.98,44907,1,54072,300,300,44918,3.3,23769.9,"Studio City Child Care, Inc.",4417 Camellia Ave ,"Los Angeles, CA 91602",624410,2,0.325,Q,M,,,365/365,,,,,,,,,,,,,,,,,,,
320086.11,3965499102,Tentative,Available,940,242208.52,2.28,44902,1,54072,300,300,44926,3.3,18223.76904,8469 Southern Boulevard LLC ,"8469 Southern Blvd, Building 2","Youngstown, OH 44512",238990,2.75,1.625,Q,M,,,365/365,,,,,,,,,,,,,,,,,,,
320067.11,4575969100,Tentative,Available,940,588887.53,0.73,44897,1,54072,300,300,44926,3.3,14186.3006,Amaya Asad LLC dba Belvedere Express,3335 Memorial Dr.,"Decatur, GA 30032",457110,1.75,0.075,Q,M,,,365/365,,,,,,,,,,,,,,,,,,,
319983.11,4349679109,Tentative,Available,940,2175000,0.98,44881,2,54041,300,299,44908,3.3,70339.5,Next Legacy BB Hospitality LLC dba Super 8,340 W Illinois Ave,"Memphis, TN 38106",721110,2,0.325,Q,M,,,365/365,,,,,,,,,,,,,,,,,,,
320047.11,4524999109,Tentative,Available,940,2550000,0.73,44883,2,54041,300,299,44911,3.3,61429.5,Orange Beach Developers LLC & Beach Convenience LLC,900 West Beach Blvd,"Gulf Shores, AL 36542",445131,1.75,0.075,Q,M,,,365/365,,,,,,,,,,,,,,,,,,,
320131.11,4443179108,Tentative,Available,940,1764845.94,0.98,44880,2,54041,300,299,44924,3.3,57075.1177,Bluwater Boat Holdings LLC,2901 Industrial Ave 3,"Fort Pierce, FL 34946",336612,2,0.325,Q,M,,,365/365,,,,,,,,,,,,,,,,,,,
320039.11,4404649104,Tentative,Available,940,612000,1.98,44894,2,54041,300,299,44916,3.3,39988.08,"A -1 Heart Monitoring, LLC dba TLC Diagnostics",361 Atlantic Ave,"East Rockaway, NY 11518",0,3,1.325,Q,M,,,30/360,,,,,,,,,,,,,,,,,,,
320010.11,4472329104,Tentative,Available,940,685913.06,1.23,44880,2,54041,300,299,44917,3.3,27841.21111,Serdar Ventures LLC,34000 NE Colorado Lake Dr.,"Corvallis, OR 97333",623312,2.25,0.575,Q,M,,,365/365,,,,,,,,,,,,,,,,,,,
319976.11,4372679107,Tentative,Available,940,458725.88,1.73,44874,2,54041,300,299,44903,3.3,26188.66049,Madison Avenue Car Wash,11832 Madison Avenue,"Lakewood, OH  44107",811192,2.75,1.075,Q,M,,,365/365,,,,,,,,,,,,,,,,,,,
320045.11,4464549100,Tentative,Available,940,872550,0.73,44894,2,54041,300,299,44911,3.3,21019.7295,110 AS Investment LLC,1331 9th Avenue North,"Texas City, TX 77590",457110,1.75,0.075,Q,M,,,365/365,,,,,,,,,,,,,,,,,,,
319963.11,3895439110,Tentative,Available,940,528225,0.73,44882,2,54041,300,299,44917,3.3,12724.94025,Vivaan Real Estate LLC & Aadhya Inc,349 2nd Street,"Cheraw, SC 29520",457110,1.75,0.075,Q,M,,,365/365,,,,,,,,,,,,,,,,,,,
320041.11,4286229105,Tentative,Available,940,150000,2.28,44888,2,54041,300,299,44910,3.3,11286,Slate A Rustic Tavern LLC,2401 NY-10,"Caroga Lake, NY 12032",0,2.75,1.625,Q,M,,,30/360,,,,,,,,,,,,,,,,,,,
320007.11,4282849106,Tentative,Available,940,390000,0.79,44886,2,54041,300,299,44908,3.3,10167.3,Zion Sheridan LLC,3412 Sheridan Rd,"Zion, IL 60099",721110,1.75,0.135,Q,M,,,365/365,,,,,,,,,,,,,,,,,,,
320068.11,4409349107,Tentative,Available,940,630000,0.48,44868,2,54041,300,299,44917,3.3,9979.2,Shree Shirdi Sai Inc.DBA Camilla Inn,600 US Highway 19 S,"Camilla, GA 31730",721110,1.5,-0.175,Q,M,,,365/365,,,,,,,,,,,,,,,,,,,
319984.11,4535469109,Tentative,Available,940,186900,1.53,44887,2,54041,300,299,44910,3.3,9436.581,"KTM Roofing Co., Inc.",2536 Hwy 138 E,"Stockbridge, GA 30281",238160,2,0.875,Q,M,,,365/365,,,,,,,,,,,,,,,,,,,
319997.11,4426479102,Tentative,Available,940,456793.45,0.48,44868,2,54041,300,299,,3.3,7235.608248,GymX Fitness Center LLC,1 Columbia Road 530,"Waldo, AR 71770",713940,1.5,-0.175,Q,M,,,30/360,,,,,,,,,,,,,,,,,,,
320022.11,4404419105,Tentative,Available,940,295500,0.53,44880,2,54041,300,299,44911,3.3,5168.295,Sam's Market,1060 Sanford Ave.,"Los Angeles, CA 90744",445110,1,-0.125,Q,M,,,365/365,,,,,,,,,,,,,,,,,,,
319969.11,4349359107,Tentative,Available,940,696213.02,1.73,44862,3,54011,300,298,44910,3.3,39746.80131,"GSM Enterprises LLC (EPC)
 Atlantic Air Enterprises Inc (OC)",856 Elston St,"Rahway, NJ 07065",238220,2.75,1.075,Q,M,,,365/365,,,,,,,,,,,,,,,,,,,
320135.11,4426659108,Tentative,Available,940,532500,1.48,44865,3,54011,300,298,44925,3.3,26007.3,Zimmerman B&B LLC,3921 Main St,"Warrensburg, NY 12885",721191,2.5,0.825,Q,M,,,365/365,,,,,,,,,,,,,,,,,,,
319781.11,4300089108,Tentative,Available,940,183675.97,1.53,44845,3,54011,300,298,44905,3.3,9273.799725,Coastal Bay Nutrition LLC,2106 US Hwy 31,"Bay Minette, AL 36507",446191,2,0.875,Q,M,,,365/365,,,,,,,,,,,,,,,,,,,
320133.11,4340439100,Tentative,Available,940,1786379.16,1.73,44834,4,53980,300,297,44924,3.3,101984.3862,Flinz Holdings LLC,3535 Fort Worth Hwy,"Hudson Oaks, TX 76087",449129,2.75,1.075,Q,M,,,365/365,,,,,,,,,,,,,,,,,,,
320042.11,4151829100,Tentative,Available,940,605476.08,1.04,44831,4,53980,300,297,44922,3.3,20779.93907,"Newsher Properties, LLC / Balanced Life Counseling PLLC",3279 W Armitage Ave,"Chicago, IL 60647",621330,2,0.385,Q,M,,,365/365,,,,,,,,,,,,,,,,,,,
319559.11,4193339104,Tentative,Available,940,97642.36,1.04,44806,4,53980,300,297,44899,3.3,3351.085795,DNH Investments LLC dba The Canton Party Store,2535 W Tuscarawas St.,"Canton, OH 44708",445120,2,0.385,Q,M,,,365/365,,,,,,,,,,,,,,,,,,,
320136.11,4271259100,Tentative,Available,940,494580.71,1.79,44804,5,53950,300,296,44925,3.3,29214.88254,351 Morton LLC,351 N Morton St & 601 Banta St.,"Franklin, IN 46131",722515,2.75,1.135,Q,M,,,365/365,,,,,,,,,,,,,,,,,,,
320134.11,4244429108,Tentative,Available,940,313234.46,1.79,44804,5,53950,300,296,44925,3.3,18502.75955,"Art and Soul Solutions, Inc.",1033 Bladensburg Road NE #C-4,"Washington, DC 20002",611430,2.75,1.135,Q,M,,,365/365,,,,,,,,,,,,,,,,,,,
319985.11,4085119100,Tentative,Available,940,544210.89,1.23,44764,6,53919,300,295,44910,3.3,22089.52003,4200 Pompano Beach ALF LLC,"2450 Hollywood Blvd., Unit 605","Pompano Beach, FL 33064",721310,2.25,0.575,Q,M,,,365/365,,,,,,,,,,,,,,,,,,,
319856.11,3898229101,Tentative,Available,940,1894320.14,1.23,44685,8,53858,300,293,44907,3.3,76890.45448,Get N Go Raza Inc.,703 S. Chestnut,"Bristow, OK 74010",445120,2.25,0.575,Q,M,,,30/360,,,,,,,,,,,,,,,,,,,
320077.11,3694139107,Tentative,Available,940,1656698.13,1.23,44651,10,53797,300,291,44917,3.3,67245.3771,"Piscataway Auto Spa, LLC",1407 Stelton Rd,"Piscataway, NJ 08854",811192,2.25,0.575,Q,M,,,365/365,,,,,,,,,,,,,,,,,,,
320027.11,2951319110,Tentative,Available,940,2477250,1.48,44602,11,53766,300,290,44911,3.3,120988.89,R & A Enterprises LLC dba Splash & Dash Car Wash Yreka,1018 Quarry Court,"Yreka, CA 96097",811192,2.5,0.825,Q,M,,,30/360,,,,,,,,,,,,,,,,,,,
320142.11,3180139110,Tentative,Available,940,1924322.75,0.98,44589,12,53738,300,289,44925,3.3,62232.59774,BZ Carmel LLC dba Quality Inn,400 E 1st Street,"Thibodaux, LA 70301",721110,2,0.325,Q,M,,,365/365,,,,,,,,,,,,,,,,,,,
319420.11,1407759104,Tentative,Available,941,311228.17,3.705,44466,16,50175,187,172,44900,3.3,38052.31221,W.F. Gormley & Sons,2015 Capitol Ave,"Sacramento, CA 95811",812210,2.5,1.375,Q,M,,,30/360,,,,,,,,,,,,,,,,,,,
320180.11,3303719108,Tentative,Available,941,260994.49,3.955,44662,9,50359,186,178,,3.3,34063.69586,Pharmacy on Main LLC,,,446110,2.75,1.625,Q,M,,,30/360,,,,,,,,,,,,,,,,,,,
319226.11,4222579106,Tentative,Available,941,1272659.95,2.405,44782,5,50328,181,177,44904,3.3,101004.6569,Falls Lumber Company Inc.,201 4th Street,"International Falls, MN 56649",444190,1.75,0.075,Q,M,,,365/365,,,,,,,,,,,,,,,,,,,
320094.11,4374939106,Tentative,Available,941,2362500,3.155,44903,1,50420,180,180,44916,3.3,245971.6875,AAA Rubbish Incorporated,6920 Foster Bridge Blvd,"Bell Gardens, CA 90201",562111,2.5,0.825,Q,M,,,365/365,,,,,,,,,,,,,,,,,,,
320026.11,4507719104,Tentative,Available,941,1055550,3.405,44894,2,50389,180,179,44910,3.3,118606.8758,Kansas Gun Drilling Inc. dba KGD Aerospace Manufacturing,2204 West Harry Court,"Wichita, KS 67213",332312,2.75,1.075,Q,M,,,365/365,,,,,,,,,,,,,,,,,,,
319845.11,4499899100,Tentative,Available,941,1072275,3.155,44879,2,50389,180,179,44895,3.3,111639.9116,Sai Ji Properties LLC,3105 W Arkansas Lane,"Dalworthington Gardens, TX 76016",524210,2.5,0.825,Q,M,,,365/365,,,,,,,,,,,,,,,,,,,
320017.11,4566769108,Tentative,Available,941,761250,3.405,44895,2,50389,180,179,44908,3.3,85537.85625,Eager Beaver Professional Tree Care LLC,2170 Longleaf Dr.,"Pensacola, FL 32505",561730,2.75,1.075,Q,M,,,365/365,,,,,,,,,,,,,,,,,,,
320015.11,4326559105,Tentative,Available,941,224131.97,3.705,44874,2,50389,180,179,44910,3.3,27403.49531,The Wire Doctors Inc.,"301 Oxford Valley Road, Suite 203B","Yardley, PA 19067",238210,2.5,1.375,Q,M,,,365/365,,,,,,,,,,,,,,,,,,,
320105.11,4338559102,Tentative,Available,941,3202500,3.405,44851,3,50359,180,178,44923,3.3,359848.9125,Leonard's Ace Inc.,1319 South Arkansas Avenue,"Russellville, AR 72801",444140,2.75,1.075,Q,M,,,365/365,,,,,,,,,,,,,,,,,,,
319820.11,4225709103,Tentative,Available,941,1111500,1.905,44810,4,50328,180,177,,3.3,69874.4475,NADIJ LLC,2300 Winslow RD,"Williamstown, NJ 08094",561720,1.25,-0.425,Q,M,,,365/365,,,,,,,,,,,,,,,,,,,
319576.11,4223789101,Tentative,Available,941,788862.83,2.155,44826,4,50328,180,177,44917,3.3,56099.98016,Duh Sang Farm LLC,1250 Moody Road,"Buena Vista, GA 31803",112320,1.5,-0.175,Q,M,,,365/365,,,,,,,,,,,,,,,,,,,
319432.11,4216459109,Tentative,Available,941,2187515.83,2.655,44796,5,50298,180,176,44918,3.3,191659.1994,KSDC Solutions Inc. / Montco Fence Real Estate LLC,12 Swamp Pike,"Royersford, PA 19468",238390,2,0.325,Q,M,,,365/365,,,,,,,,,,,,,,,,,,,
319395.11,4230139103,Tentative,Available,941,2047936.2,2.655,44804,5,50298,180,176,44896,3.3,179429.9302,"RLD Beverage, LLC.",9 Tristan Drive,"Dillsburg, PA 17019",445310,2,0.325,Q,M,,,365/365,,,,,,,,,,,,,,,,,,,
319394.11,4262019107,Tentative,Available,941,1627908.5,2.655,44804,5,50298,180,176,44896,3.3,142629.2032,Meyour LLC (OC) Walnutport Holding LLC (EPC),617 N. Walnut Street,"Cameron, MO 64429",448120,2,0.325,Q,M,,,365/365,,,,,,,,,,,,,,,,,,,
319322.11,4219269106,Tentative,Available,941,890764.73,3.405,44790,5,50298,180,176,44910,3.3,100090.7789,"Mitchem Veterinary Management, LLC",609 S. Division Street,"Mahomet, IL 61853",541940,2.75,1.075,Q,M,,,365/365,,,,,,,,,,,,,,,,,,,
320032.11,4222679101,Tentative,Available,941,255875.15,3.955,44791,5,50298,180,176,44911,3.3,33395.5452,Dr Wallace Used Oil Services LLC,30701 Hungarian Presbyterian Ch Rd ,"Hammond, LA 70403",424720,2.75,1.625,Q,M,,,365/365,,,,,,,,,,,,,,,,,,,
319811.11,3601179110,Tentative,Available,941,3347588.73,2.655,44757,6,50267,180,175,44896,3.3,293298.9866,"Jupiter Environmental Labs, Inc",150 South Dixie Highway,"Jupiter, FL 33458",541380,2,0.325,Q,M,,,365/365,,,,,,,,,,,,,,,,,,,
319464.11,4016479110,Tentative,Available,941,1054955.34,2.405,44761,6,50267,180,175,44899,3.3,83726.53056,EHB Properties LLC,6384 Sumner Loop,"Dublin, OH 43016",621210,1.75,0.075,Q,M,,,365/365,,,,,,,,,,,,,,,,,,,
319587.11,1215599110,Tentative,Available,966,3555000,2.705,44406,18,53919,312,295,44894,3.3,317337.075,Rising Tide Car Wash Coral Springs LLC,10340 Royal Palm Blvd,"Coral Springs, FL 33065",811192,1.5,0.375,Q,M,,,365/365,,,,,,,,,,,,,,,,,,,
320019.11,1779219107,Tentative,Available,966,3659190.09,2.705,44652,9,54011,306,298,44923,3.3,326637.6034,Callm Restaurants LLC,18916 New Passage Blvd.,"Land O Lakes, FL 34638",722513,1.5,0.375,Q,M,,,365/365,,,,,,,,,,,,,,,,,,,
319519.11,4430958906,Tentative,Available,966,3083211.55,2.955,44351,19,53707,306,288,44900,3.3,300659.3743,"UV Country, Inc.",2616 Highway 35 Bypass North,"Alvin, TX 77511      ",441210,1.75,0.625,Q,M,,,365/365,,,,,,,,,,,,,,,,,,,
319257.11,3372759102,Tentative,Available,966,119065.69,3.705,44622,10,53888,303,294,44899,3.3,14557.56659,Blue Roo Express Car Wash,5262 Delhi Pike,"Cincinnati, OH 45238",811192,2.5,1.375,Q,M,,,365/365,,,,,,,,,,,,,,,,,,,
320171.11,4693879109,Tentative,Available,966,1131600,2.905,44924,1,54072,300,300,,3.3,108480.834,Little Genius Planet Hillsborough LLC,,"Franklin Park, NJ 08823",624410,2.25,0.575,Q,M,,,30/360,,,,,,,,,,,,,,,,,,,
320175.11,4546239105,Tentative,Available,966,648750,2.655,44923,1,54072,300,300,,3.3,56840.23125,Beyond Camping LLC,,"Sayre, OK 73662",445131,2,0.325,Q,M,,,30/360,,,,,,,,,,,,,,,,,,,
320170.11,4397729105,Tentative,Available,966,467550,3.405,44924,1,54072,300,300,,3.3,52536.25575,"Maxine Moncrieffe, D.D.S., P.A.",,"Orlando, FL 32825",621210,2.75,1.075,Q,M,,,30/360,,,,,,,,,,,,,,,,,,,
320008.11,9551948510,Tentative,Available,966,3221180.08,2.705,44886,2,54041,300,299,44915,3.3,287538.6398,Certified Autobrokers Inc. ,1693 Grand Island Boulevard,"Grand Island, NY 14072",441120,1.5,0.375,Q,M,,,365/365,,,,,,,,,,,,,,,,,,,
320092.11,4314139100,Tentative,Available,966,2390250,2.655,44895,2,54041,300,299,44916,3.3,209421.7538,ALBQI Hotels LLC,7439 Pan American Fwy NE,"Albuquerqe, NM 87109",721110,2,0.325,Q,M,,,365/365,,,,,,,,,,,,,,,,,,,
320046.11,4538559107,Tentative,Available,966,3037500,2.155,44886,2,54041,300,299,44911,3.3,216011.8125,300 Cary LLC,301 Governor Treutlen  Dr,"Pooler, GA 31322",721110,1.5,-0.175,Q,M,,,365/365,,,,,,,,,,,,,,,,,,,
319806.11,4304589102,Tentative,Available,966,3372969.13,2.655,44837,3,54011,300,298,44907,3.3,295522.6903,Jay Sagar LLC,1375 E. University Dr.,"Tempe, AZ 85281",721110,2,0.325,Q,M,,,365/365,,,,,,,,,,,,,,,,,,,
319754.11,4322309103,Tentative,Available,966,3746522.43,2.905,44827,4,53980,300,297,44905,3.3,359160.3728,Hamid Hojati,1840 South Santa Fe Street,"Santa Ana, CA 92705",811121,2.25,0.575,Q,M,,,365/365,,,,,,,,,,,,,,,,,,,
319720.11,4022319104,Tentative,Available,966,126797.73,2.205,44757,6,53919,300,295,44895,3.3,9226.436823,"746 Colfax Limited Liability Company Foley Waite, LLC",92 Carteret Street,"Glen Ridge, NJ 07028",337212,1,-0.125,Q,M,,,365/365,,,,,,,,,,,,,,,,,,,
320090.11,1659819105,Tentative,Available,966,3718716.44,2.205,44740,7,53888,300,294,44923,3.3,270592.4018,HK Property Development LLC,"111 Hudson St, Unit 1","New York, NY 10013",445110,1,-0.125,Q,M,,,365/365,,,,,,,,,,,,,,,,,,,
320035.11,4095439106,Tentative,Available,966,229355.27,3.955,44714,7,53888,300,294,44911,3.3,29934.30306,Safe Journey 2 School Inc.,2348 E 83rd St,"Chicago, IL 60617",485410,2.75,1.625,Q,M,,,365/365,,,,,,,,,,,,,,,,,,,
320127.11,2714739103,Tentative,Available,966,762817.5,2.965,44704,8,53858,300,293,,3.3,74637.87829,Darbelle Enterprises LLC,103 S Plum Crest Circle,"The Woodlands, TX 77359",722515,2.25,0.635,Q,M,,,30/360,,,,,,,,,,,,,,,,,,,
320036.11,4083729102,Tentative,Available,966,241641.26,3.955,44712,8,53858,300,293,44911,3.3,31537.80905,R K Hall & Company Inc.,1711 Pope St ,"Rock Hill, SC 29732",238990,2.75,1.625,Q,M,,,365/365,,,,,,,,,,,,,,,,,,,
318521.11,3860019102,Tentative,Available,966,4467619.61,2.905,44671,9,53827,300,292,44896,3.3,428288.3539,"The Raio Living Trust Dated November 16, 2009",20281 Harvill Ave,"Perris, CA 92570",332215,2.25,0.575,Q,M,,,365/365,,,,,,,,,,,,,,,,,,,
318495.11,3141589102,Tentative,Available,966,3624502.22,2.905,44589,12,53738,300,289,44896,3.3,347462.9053,Shrijee International USA Inc dba Buy Rite Wine & Liquor,400 Valley Street,"South Orange, NJ  07079",445310,2.25,0.575,Q,M,,,365/365,,,,,,,,,,,,,,,,,,,
317730.11,2869589100,Tentative,Available,966,3690814.14,2.905,44560,13,53707,300,288,44923,3.3,353819.8975,Park Capital ACQ LLC,401 N Lakeshore Drive,"Lake Charles, LA 70601",721110,2.25,0.575,Q,M,,,365/365,,,,,,,,,,,,,,,,,,,
319992.11,2880759104,Tentative,Available,966,943974.03,2.655,44559,13,53707,300,288,44914,3.3,82706.28464,Shree Hari LLC dba EconoLodge,1600 Jerry Clower Blvd,"Yazoo City, MS 39194",721110,2,0.325,Q,M,,,365/365,,,,,,,,,,,,,,,,,,,
319224.11,1363429107,Tentative,Available,966,313020.35,3.455,44516,14,53676,300,287,44900,3.3,35689.01521,Faithful Endeavors LLC,2844 Port Sheldon St.,"Hudsonville, MI 49426",811111,2.25,1.125,Q,M,,,365/365,,,,,,,,,,,,,,,,,,,
319850.11,1842879110,Tentative,Available,966,2771319.08,2.705,44482,15,53646,300,286,44896,3.3,247381.7977,Shiv-Sai SRJ LLC,1004 South US-59,"Cleveland, TX 77327",721110,1.5,0.375,Q,M,,,365/365,,,,,,,,,,,,,,,,,,,
319851.11,1380999105,Tentative,Available,966,2260332.5,2.955,44469,16,53615,300,285,44896,3.3,220416.3237,Pineda Hotels - NASA LLC,3636 Nasa Road 1,"Seabrook, TX 77586",721110,1.75,0.625,Q,M,,,365/365,,,,,,,,,,,,,,,,,,,
318203.11,1174649104,Tentative,Available,966,375389.3,3.955,44386,18,53554,300,283,44903,3.3,48993.93449,DW Marine LLC dba Dustin Woy and Michelle Woy,1255 Boot Dr.,"Camdenton, MO 65020",811490,2.75,1.625,Q,M,,,30/360,,,,,,,,,,,,,,,,,,,
319385.11,1146239102,Tentative,Available,966,211255.05,3.855,44377,19,53523,300,282,44900,3.3,26874.81119,SLPM Properties LLC,115 Salem Towne Ct.,"Apex, NC 27502",541211,2.65,1.525,Q,M,,,365/365,,,,,,,,,,,,,,,,,,,
310067.11,3086437009,Tentative,Available,969,3149041.63,2.905,43440,49,52611,300,252,44908,3.3,301882.8759,Solos International Group LLC,124 Main Street ,"Fort Lee, NJ 07024",722511,2.25,0.575,Q,M,,,30/360,,,,,,,,,,,,,,,,,,,
319831.11,4434349109,Tentative,Available,969,1422420.52,3.155,44867,2,52580,252,251,44905,3.3,148095.3124,"30 Mann Street Attleboro LLC, Pacific Enterprise Inc.",30 Mann Street,"Attleboro, MA 02703",444180,2.5,0.825,Q,M,,,365/365,,,,,,,,,,,,,,,,,,,
319578.11,3951829104,Tentative,Available,969,624675,3.465,44683,8,52397,252,245,44896,3.3,71428.46288,Marta Baltimore LLC dba Marta ,2127 East Pratt Street,"Baltimore, MD 21231",722511,2.75,1.135,Q,M,,,365/365,,,,,,,,,,,,,,,,,,,
319475.11,8371098709,Tentative,Available,969,1446774.33,2.705,44398,18,52001,249,232,44900,3.3,129146.3106,F2 Investment LLC dba Dominos Pizza,5805 Yorkshire Rd.,"McKinney, TX 75070",722513,1.5,0.375,Q,M,,,365/365,,,,,,,,,,,,,,,,,,,
320096.11,3240859106,Tentative,Available,969,835677.37,2.655,44602,11,52154,247,237,44923,3.3,73217.87277,Pine Grove Hospitality Inc.dba Days Inn Port Huron,2908 Pine Grove Ave,"Port Huron, MI 86305",721110,2,0.325,Q,M,,,365/365,,,,,,,,,,,,,,,,,,,
319966.11,3857269106,Tentative,Available,969,621000,3.465,44691,8,52215,246,239,44925,3.3,71008.245,"Gray Group Investments, LLC",8035 Harford Rd,"Parkville, MD 21234",524210,2.75,1.135,Q,M,,,365/365,,,,,,,,,,,,,,,,,,,
319967.11,2716739107,Tentative,Available,969,1745861.47,2.155,44568,12,52093,246,235,44932,3.3,124156.9384,"Jollip, LLC",349 Sawyer Ave,"Tonawanda, NY 14150",332322,1.5,-0.175,Q,M,,,365/365,,,,,,,,,,,,,,,,,,,
320104.11,4550569102,Tentative,Available,969,2702700,2.655,44902,1,52246,240,240,44925,3.3,236797.0605,"Biak Ling Farm, LLC",2600 Marvis Chapman Road,"Ideal, GA 31041",112390,2,0.325,Q,M,,,365/365,,,,,,,,,,,,,,,,,,,
320163.11,4419699100,Tentative,Available,969,499268.18,2.655,44896,1,52246,240,240,,3.3,43743.38159,Alharbi LLC / Homeland Market LLC,3701 Monroe Street,"Dearborn, MI 48124",445131,2,0.325,Q,M,,,365/365,,,,,,,,,,,,,,,,,,,
319978.11,1392849103,Tentative,Available,969,605349.35,3.455,44875,2,52215,240,239,44905,3.3,69018.90614,J2KE Inc.,2137 West Washington Street ,"Stephenville, TX 76401",722513,2.25,1.125,Q,M,,,365/365,,,,,,,,,,,,,,,,,,,
320001.11,4264099102,Tentative,Available,969,375487.98,2.715,44873,2,52215,240,239,44908,3.3,33641.84557,Bills Sharpening LLC / Division 5252 LLC,5252 Division Avenue S,"Grand Rapids, MI 49548",811310,2,0.385,Q,M,,,365/365,,,,,,,,,,,,,,,,,,,
319982.11,4248259102,Tentative,Available,969,171420.24,3.705,44888,2,52215,240,239,44917,3.3,20958.69564,Printed on a Lark LLC,3658 Rugby Drive,"Toledo, OH 43614",323113,2.5,1.375,Q,M,,,30/360,,,,,,,,,,,,,,,,,,,
320150.11,4349269104,Tentative,Available,969,185176.81,3.405,44883,2,52215,240,239,,3.3,20807.39226,"Trung, LLC",5467 St. Claude Ave,"New Orleans, LA 70117",445120,2.75,1.075,Q,M,,,30/360,,,,,,,,,,,,,,,,,,,
319977.11,2816269105,Tentative,Available,969,81662.01,3.455,44875,2,52215,240,239,44905,3.3,9310.69407,J2KE Inc.,2137 West Washington Street ,"Stephenville, TX 76401",722513,2.25,1.125,Q,M,,,365/365,,,,,,,,,,,,,,,,,,,
319601.11,4334069100,Tentative,Available,969,1430788.19,2.905,44833,4,52154,240,237,44891,3.3,137162.5098,MB Family Farm LLC,1512 Yonah Homer Rd. ,"Maysville, GA 30558",112310,2.25,0.575,Q,M,,,365/365,,,,,,,,,,,,,,,,,,,
319339.11,4142789110,Tentative,Available,969,796570.49,2.155,44797,5,52124,240,236,44922,3.3,56648.1104,Goshem LLC,889 Burkett Road ,"Thomaston, GA 30286",112320,1.5,-0.175,Q,M,,,365/365,,,,,,,,,,,,,,,,,,,
319048.11,4177089101,Tentative,Available,969,1393772.9,2.655,44756,6,52093,240,235,44896,3.3,122115.4126,Fahlam Family Farm LLC,684 HWY 191 ,"Danielsville, GA 30633",112310,2,0.325,Q,M,,,365/365,,,,,,,,,,,,,,,,,,,
319131.11,4181009102,Tentative,Available,969,998786.64,2.905,44768,6,52093,240,235,44896,3.3,95748.68124,Sandy Family Farm LLC,3623 GA Hwy 224,"Montezuma, GA 31063",112320,2.25,0.575,Q,M,,,365/365,,,,,,,,,,,,,,,,,,,
319190.11,4156959103,Tentative,Available,969,953806.69,1.905,44760,6,52093,240,235,44907,3.3,59961.05757,J. Jireh Farm LLC DBA Jireh Farm,930 McBryant Rd.,"Pitts, GA 31072",112320,1.25,-0.425,Q,M,,,365/365,,,,,,,,,,,,,,,,,,,
319577.11,4095019109,Tentative,Available,969,2301422.91,3.405,44741,7,52062,240,234,44896,3.3,258599.3853,SVG 26 LLC,2037 State Route 17B,"Bethel, NY 12720",312140,2.75,1.075,Q,M,,,365/365,,,,,,,,,,,,,,,,,,,
319968.11,3620269108,Tentative,Available,969,774014.87,2.655,44678,9,52001,240,232,44925,3.3,67815.31284,"Tru Investments, LLC",525 Black Diamond Rd,"Smyrna, DE 19977",541613,2,0.325,Q,M,,,365/365,,,,,,,,,,,,,,,,,,,
319397.11,3086119108,Tentative,Available,969,262500,3.455,44658,9,52001,240,232,44901,3.3,29928.9375,Skowron Holdings LLC,401 W College Avenue ,"Pemberville, OH 43450",531120,2.25,1.125,Q,M,,,365/365,,,,,,,,,,,,,,,,,,,
319386.11,3052938810,Tentative,Available,966,181782.48,3.805,44344,20,53493,300,281,44900,3.3,22825.5171,"Accounting Solutions by Carolynn, Inc.",6620 Gordon Rd. Ste H,"Wilmington, NC 28411",524210,2.6,1.475,Q,M,,,365/365,,,,,,,,,,,,,,,,,,,
319076.11,8791528202,Tentative,Available,966,2103421.21,3.155,44231,23,53585,306,284,44896,3.3,218997.6993,Twin City Island Spirits Inc. dba Scion Farm Distillery,Plot 4 - G Estate Sion Farm,"Queens Quarter, St. Croix, VI 00820",312140,2.5,0.825,Q,M,,,365/365,,,,,,,,,,,,,,,,,,,
319795.11,3365637002,Tentative,Available,969,216195.97,1.405,43460,49,52611,300,252,44921,3.3,10023.92615,"Cho & So, Inc.",248-258 W Wingohocking St.,"Philadelphia, PA 19140",311812,0.75,-0.925,Q,M,,,30/360,,,,,,,,,,,,,,,,,,,
320160.11,1572677007,Tentative,Available,969,3044945.6,1.655,43118,60,52277,300,241,,3.3,166299.7039,Ayra Hotels II LLC DBA Sleep Inn,1175 Powers Ferry Place,"SE Marietta, GA 30067.  ",721110,1,-0.675,Q,M,,,30/360,,,,,,,,,,,,,,,,,,,
,,,,,,,,,,,,,,,,,,,,,,,,,,,,,,,,,,,,,,,,,,,,
,,,,,,,,,,,,,,,,,,,,,,,,,,,,,,,,,,,,,,,,,,,,
,,,,,,,,,,,,,,,,,,,,,,,,,,,,,,,,,,,,,,,,,,,,
,,,,,,,,,,,,,,,,,,,,,,,,,,,,,,,,,,,,,,,,,,,,
